ISO-10303-21;
HEADER;
/* Generated by software containing ST-Developer
 * from STEP Tools, Inc. (www.steptools.com) 
 */

FILE_DESCRIPTION(
/* description */ (''),
/* implementation_level */ '2;1');

FILE_NAME(
/* name */ 'Sproket Guide.step',
/* time_stamp */ '2026-07-11T23:05:51+09:00',
/* author */ (''),
/* organization */ (''),
/* preprocessor_version */ 'ST-DEVELOPER v20.1',
/* originating_system */ 'Autodesk Translation Framework v15.8.0.0',
/* authorisation */ '');

FILE_SCHEMA (('AUTOMOTIVE_DESIGN { 1 0 10303 214 3 1 1 }'));
ENDSEC;

DATA;
#10=MECHANICAL_DESIGN_GEOMETRIC_PRESENTATION_REPRESENTATION('',(#13,#14),
#2298);
#11=SHAPE_REPRESENTATION_RELATIONSHIP('SRR','None',#2305,#12);
#12=ADVANCED_BREP_SHAPE_REPRESENTATION('',(#15,#16),#2297);
#13=STYLED_ITEM('',(#2314),#15);
#14=STYLED_ITEM('',(#2314),#16);
#15=MANIFOLD_SOLID_BREP('Body2',#1441);
#16=MANIFOLD_SOLID_BREP('Body16',#1442);
#17=FACE_BOUND('',#128,.T.);
#18=FACE_BOUND('',#135,.T.);
#19=FACE_BOUND('',#141,.T.);
#20=FACE_BOUND('',#160,.T.);
#21=FACE_BOUND('',#170,.T.);
#22=FACE_BOUND('',#173,.T.);
#23=FACE_BOUND('',#178,.T.);
#24=FACE_BOUND('',#180,.T.);
#25=FACE_BOUND('',#182,.T.);
#26=FACE_BOUND('',#190,.T.);
#27=FACE_BOUND('',#197,.T.);
#28=FACE_BOUND('',#199,.T.);
#29=CIRCLE('',#1460,1.6);
#30=CIRCLE('',#1461,1.6);
#31=CIRCLE('',#1470,1.7);
#32=CIRCLE('',#1487,1.7);
#33=CIRCLE('',#1501,1.6);
#34=CIRCLE('',#1515,1.6);
#35=CIRCLE('',#1517,1.6);
#36=CIRCLE('',#1518,1.6);
#37=CIRCLE('',#1529,1.7);
#38=CIRCLE('',#1531,1.7);
#39=CYLINDRICAL_SURFACE('',#1459,1.6);
#40=CYLINDRICAL_SURFACE('',#1486,1.7);
#41=CYLINDRICAL_SURFACE('',#1514,1.6);
#42=CYLINDRICAL_SURFACE('',#1516,1.6);
#43=CYLINDRICAL_SURFACE('',#1530,1.7);
#44=FACE_OUTER_BOUND('',#116,.T.);
#45=FACE_OUTER_BOUND('',#117,.T.);
#46=FACE_OUTER_BOUND('',#118,.T.);
#47=FACE_OUTER_BOUND('',#119,.T.);
#48=FACE_OUTER_BOUND('',#120,.T.);
#49=FACE_OUTER_BOUND('',#121,.T.);
#50=FACE_OUTER_BOUND('',#122,.T.);
#51=FACE_OUTER_BOUND('',#123,.T.);
#52=FACE_OUTER_BOUND('',#124,.T.);
#53=FACE_OUTER_BOUND('',#125,.T.);
#54=FACE_OUTER_BOUND('',#126,.T.);
#55=FACE_OUTER_BOUND('',#127,.T.);
#56=FACE_OUTER_BOUND('',#129,.T.);
#57=FACE_OUTER_BOUND('',#130,.T.);
#58=FACE_OUTER_BOUND('',#131,.T.);
#59=FACE_OUTER_BOUND('',#132,.T.);
#60=FACE_OUTER_BOUND('',#133,.T.);
#61=FACE_OUTER_BOUND('',#134,.T.);
#62=FACE_OUTER_BOUND('',#136,.T.);
#63=FACE_OUTER_BOUND('',#137,.T.);
#64=FACE_OUTER_BOUND('',#138,.T.);
#65=FACE_OUTER_BOUND('',#139,.T.);
#66=FACE_OUTER_BOUND('',#140,.T.);
#67=FACE_OUTER_BOUND('',#142,.T.);
#68=FACE_OUTER_BOUND('',#143,.T.);
#69=FACE_OUTER_BOUND('',#144,.T.);
#70=FACE_OUTER_BOUND('',#145,.T.);
#71=FACE_OUTER_BOUND('',#146,.T.);
#72=FACE_OUTER_BOUND('',#147,.T.);
#73=FACE_OUTER_BOUND('',#148,.T.);
#74=FACE_OUTER_BOUND('',#149,.T.);
#75=FACE_OUTER_BOUND('',#150,.T.);
#76=FACE_OUTER_BOUND('',#151,.T.);
#77=FACE_OUTER_BOUND('',#152,.T.);
#78=FACE_OUTER_BOUND('',#153,.T.);
#79=FACE_OUTER_BOUND('',#154,.T.);
#80=FACE_OUTER_BOUND('',#155,.T.);
#81=FACE_OUTER_BOUND('',#156,.T.);
#82=FACE_OUTER_BOUND('',#157,.T.);
#83=FACE_OUTER_BOUND('',#158,.T.);
#84=FACE_OUTER_BOUND('',#159,.T.);
#85=FACE_OUTER_BOUND('',#161,.T.);
#86=FACE_OUTER_BOUND('',#162,.T.);
#87=FACE_OUTER_BOUND('',#163,.T.);
#88=FACE_OUTER_BOUND('',#164,.T.);
#89=FACE_OUTER_BOUND('',#165,.T.);
#90=FACE_OUTER_BOUND('',#166,.T.);
#91=FACE_OUTER_BOUND('',#167,.T.);
#92=FACE_OUTER_BOUND('',#168,.T.);
#93=FACE_OUTER_BOUND('',#169,.T.);
#94=FACE_OUTER_BOUND('',#171,.T.);
#95=FACE_OUTER_BOUND('',#172,.T.);
#96=FACE_OUTER_BOUND('',#174,.T.);
#97=FACE_OUTER_BOUND('',#175,.T.);
#98=FACE_OUTER_BOUND('',#176,.T.);
#99=FACE_OUTER_BOUND('',#177,.T.);
#100=FACE_OUTER_BOUND('',#179,.T.);
#101=FACE_OUTER_BOUND('',#181,.T.);
#102=FACE_OUTER_BOUND('',#183,.T.);
#103=FACE_OUTER_BOUND('',#184,.T.);
#104=FACE_OUTER_BOUND('',#185,.T.);
#105=FACE_OUTER_BOUND('',#186,.T.);
#106=FACE_OUTER_BOUND('',#187,.T.);
#107=FACE_OUTER_BOUND('',#188,.T.);
#108=FACE_OUTER_BOUND('',#189,.T.);
#109=FACE_OUTER_BOUND('',#191,.T.);
#110=FACE_OUTER_BOUND('',#192,.T.);
#111=FACE_OUTER_BOUND('',#193,.T.);
#112=FACE_OUTER_BOUND('',#194,.T.);
#113=FACE_OUTER_BOUND('',#195,.T.);
#114=FACE_OUTER_BOUND('',#196,.T.);
#115=FACE_OUTER_BOUND('',#198,.T.);
#116=EDGE_LOOP('',(#906,#907,#908,#909));
#117=EDGE_LOOP('',(#910,#911,#912,#913));
#118=EDGE_LOOP('',(#914,#915,#916,#917));
#119=EDGE_LOOP('',(#918,#919,#920,#921));
#120=EDGE_LOOP('',(#922,#923,#924,#925));
#121=EDGE_LOOP('',(#926,#927,#928,#929,#930,#931,#932,#933));
#122=EDGE_LOOP('',(#934,#935,#936,#937,#938,#939,#940,#941));
#123=EDGE_LOOP('',(#942,#943,#944,#945));
#124=EDGE_LOOP('',(#946,#947,#948,#949,#950));
#125=EDGE_LOOP('',(#951,#952,#953,#954,#955,#956,#957,#958));
#126=EDGE_LOOP('',(#959,#960,#961,#962,#963,#964,#965,#966,#967));
#127=EDGE_LOOP('',(#968,#969,#970,#971,#972,#973,#974,#975));
#128=EDGE_LOOP('',(#976));
#129=EDGE_LOOP('',(#977,#978,#979,#980,#981));
#130=EDGE_LOOP('',(#982,#983,#984,#985));
#131=EDGE_LOOP('',(#986,#987,#988,#989,#990,#991,#992,#993,#994));
#132=EDGE_LOOP('',(#995,#996,#997,#998,#999,#1000,#1001,#1002));
#133=EDGE_LOOP('',(#1003,#1004,#1005,#1006,#1007,#1008,#1009,#1010));
#134=EDGE_LOOP('',(#1011,#1012,#1013,#1014,#1015));
#135=EDGE_LOOP('',(#1016));
#136=EDGE_LOOP('',(#1017,#1018,#1019,#1020,#1021,#1022,#1023,#1024));
#137=EDGE_LOOP('',(#1025,#1026,#1027,#1028));
#138=EDGE_LOOP('',(#1029,#1030,#1031,#1032));
#139=EDGE_LOOP('',(#1033,#1034,#1035,#1036));
#140=EDGE_LOOP('',(#1037,#1038,#1039,#1040,#1041,#1042,#1043,#1044,#1045,
#1046,#1047,#1048,#1049,#1050,#1051,#1052));
#141=EDGE_LOOP('',(#1053,#1054,#1055,#1056));
#142=EDGE_LOOP('',(#1057,#1058,#1059,#1060,#1061,#1062,#1063,#1064,#1065,
#1066,#1067,#1068,#1069,#1070,#1071,#1072,#1073,#1074,#1075,#1076));
#143=EDGE_LOOP('',(#1077,#1078,#1079,#1080));
#144=EDGE_LOOP('',(#1081,#1082,#1083,#1084));
#145=EDGE_LOOP('',(#1085,#1086,#1087,#1088));
#146=EDGE_LOOP('',(#1089,#1090,#1091,#1092));
#147=EDGE_LOOP('',(#1093,#1094,#1095,#1096));
#148=EDGE_LOOP('',(#1097,#1098,#1099,#1100));
#149=EDGE_LOOP('',(#1101,#1102,#1103,#1104));
#150=EDGE_LOOP('',(#1105,#1106,#1107,#1108));
#151=EDGE_LOOP('',(#1109,#1110,#1111,#1112));
#152=EDGE_LOOP('',(#1113,#1114,#1115,#1116));
#153=EDGE_LOOP('',(#1117,#1118,#1119,#1120));
#154=EDGE_LOOP('',(#1121,#1122,#1123,#1124));
#155=EDGE_LOOP('',(#1125,#1126,#1127,#1128));
#156=EDGE_LOOP('',(#1129,#1130,#1131,#1132));
#157=EDGE_LOOP('',(#1133,#1134,#1135,#1136));
#158=EDGE_LOOP('',(#1137,#1138,#1139,#1140));
#159=EDGE_LOOP('',(#1141,#1142,#1143,#1144,#1145));
#160=EDGE_LOOP('',(#1146));
#161=EDGE_LOOP('',(#1147,#1148,#1149,#1150));
#162=EDGE_LOOP('',(#1151,#1152,#1153,#1154));
#163=EDGE_LOOP('',(#1155,#1156,#1157,#1158,#1159,#1160,#1161,#1162));
#164=EDGE_LOOP('',(#1163,#1164,#1165,#1166,#1167,#1168,#1169,#1170));
#165=EDGE_LOOP('',(#1171,#1172,#1173,#1174,#1175));
#166=EDGE_LOOP('',(#1176,#1177,#1178,#1179));
#167=EDGE_LOOP('',(#1180,#1181,#1182,#1183,#1184));
#168=EDGE_LOOP('',(#1185,#1186,#1187,#1188));
#169=EDGE_LOOP('',(#1189,#1190,#1191,#1192,#1193));
#170=EDGE_LOOP('',(#1194));
#171=EDGE_LOOP('',(#1195,#1196,#1197,#1198));
#172=EDGE_LOOP('',(#1199,#1200,#1201,#1202));
#173=EDGE_LOOP('',(#1203));
#174=EDGE_LOOP('',(#1204,#1205,#1206,#1207));
#175=EDGE_LOOP('',(#1208,#1209,#1210,#1211));
#176=EDGE_LOOP('',(#1212,#1213,#1214,#1215));
#177=EDGE_LOOP('',(#1216,#1217,#1218,#1219,#1220));
#178=EDGE_LOOP('',(#1221));
#179=EDGE_LOOP('',(#1222,#1223,#1224,#1225,#1226,#1227));
#180=EDGE_LOOP('',(#1228));
#181=EDGE_LOOP('',(#1229,#1230,#1231,#1232,#1233,#1234));
#182=EDGE_LOOP('',(#1235));
#183=EDGE_LOOP('',(#1236,#1237,#1238,#1239));
#184=EDGE_LOOP('',(#1240,#1241,#1242,#1243));
#185=EDGE_LOOP('',(#1244,#1245,#1246,#1247));
#186=EDGE_LOOP('',(#1248,#1249,#1250,#1251));
#187=EDGE_LOOP('',(#1252,#1253,#1254,#1255));
#188=EDGE_LOOP('',(#1256,#1257,#1258,#1259));
#189=EDGE_LOOP('',(#1260,#1261,#1262,#1263,#1264,#1265));
#190=EDGE_LOOP('',(#1266));
#191=EDGE_LOOP('',(#1267,#1268,#1269,#1270));
#192=EDGE_LOOP('',(#1271,#1272,#1273,#1274));
#193=EDGE_LOOP('',(#1275,#1276,#1277,#1278));
#194=EDGE_LOOP('',(#1279,#1280,#1281,#1282));
#195=EDGE_LOOP('',(#1283,#1284,#1285,#1286));
#196=EDGE_LOOP('',(#1287,#1288,#1289,#1290));
#197=EDGE_LOOP('',(#1291,#1292,#1293,#1294,#1295,#1296));
#198=EDGE_LOOP('',(#1297,#1298,#1299,#1300));
#199=EDGE_LOOP('',(#1301));
#200=LINE('',#1896,#388);
#201=LINE('',#1898,#389);
#202=LINE('',#1900,#390);
#203=LINE('',#1901,#391);
#204=LINE('',#1905,#392);
#205=LINE('',#1907,#393);
#206=LINE('',#1909,#394);
#207=LINE('',#1910,#395);
#208=LINE('',#1914,#396);
#209=LINE('',#1916,#397);
#210=LINE('',#1918,#398);
#211=LINE('',#1919,#399);
#212=LINE('',#1924,#400);
#213=LINE('',#1928,#401);
#214=LINE('',#1930,#402);
#215=LINE('',#1931,#403);
#216=LINE('',#1934,#404);
#217=LINE('',#1936,#405);
#218=LINE('',#1938,#406);
#219=LINE('',#1940,#407);
#220=LINE('',#1942,#408);
#221=LINE('',#1944,#409);
#222=LINE('',#1945,#410);
#223=LINE('',#1948,#411);
#224=LINE('',#1950,#412);
#225=LINE('',#1952,#413);
#226=LINE('',#1954,#414);
#227=LINE('',#1956,#415);
#228=LINE('',#1958,#416);
#229=LINE('',#1959,#417);
#230=LINE('',#1962,#418);
#231=LINE('',#1964,#419);
#232=LINE('',#1965,#420);
#233=LINE('',#1969,#421);
#234=LINE('',#1970,#422);
#235=LINE('',#1972,#423);
#236=LINE('',#1973,#424);
#237=LINE('',#1976,#425);
#238=LINE('',#1978,#426);
#239=LINE('',#1980,#427);
#240=LINE('',#1982,#428);
#241=LINE('',#1984,#429);
#242=LINE('',#1985,#430);
#243=LINE('',#1988,#431);
#244=LINE('',#1990,#432);
#245=LINE('',#1992,#433);
#246=LINE('',#1994,#434);
#247=LINE('',#1996,#435);
#248=LINE('',#1998,#436);
#249=LINE('',#2000,#437);
#250=LINE('',#2001,#438);
#251=LINE('',#2004,#439);
#252=LINE('',#2006,#440);
#253=LINE('',#2007,#441);
#254=LINE('',#2009,#442);
#255=LINE('',#2011,#443);
#256=LINE('',#2012,#444);
#257=LINE('',#2017,#445);
#258=LINE('',#2019,#446);
#259=LINE('',#2021,#447);
#260=LINE('',#2022,#448);
#261=LINE('',#2025,#449);
#262=LINE('',#2027,#450);
#263=LINE('',#2028,#451);
#264=LINE('',#2032,#452);
#265=LINE('',#2034,#453);
#266=LINE('',#2036,#454);
#267=LINE('',#2038,#455);
#268=LINE('',#2040,#456);
#269=LINE('',#2042,#457);
#270=LINE('',#2043,#458);
#271=LINE('',#2044,#459);
#272=LINE('',#2046,#460);
#273=LINE('',#2048,#461);
#274=LINE('',#2050,#462);
#275=LINE('',#2052,#463);
#276=LINE('',#2053,#464);
#277=LINE('',#2056,#465);
#278=LINE('',#2058,#466);
#279=LINE('',#2059,#467);
#280=LINE('',#2061,#468);
#281=LINE('',#2063,#469);
#282=LINE('',#2064,#470);
#283=LINE('',#2067,#471);
#284=LINE('',#2069,#472);
#285=LINE('',#2070,#473);
#286=LINE('',#2073,#474);
#287=LINE('',#2075,#475);
#288=LINE('',#2077,#476);
#289=LINE('',#2079,#477);
#290=LINE('',#2080,#478);
#291=LINE('',#2083,#479);
#292=LINE('',#2085,#480);
#293=LINE('',#2086,#481);
#294=LINE('',#2089,#482);
#295=LINE('',#2090,#483);
#296=LINE('',#2093,#484);
#297=LINE('',#2094,#485);
#298=LINE('',#2097,#486);
#299=LINE('',#2099,#487);
#300=LINE('',#2100,#488);
#301=LINE('',#2101,#489);
#302=LINE('',#2103,#490);
#303=LINE('',#2104,#491);
#304=LINE('',#2107,#492);
#305=LINE('',#2109,#493);
#306=LINE('',#2111,#494);
#307=LINE('',#2112,#495);
#308=LINE('',#2115,#496);
#309=LINE('',#2117,#497);
#310=LINE('',#2118,#498);
#311=LINE('',#2120,#499);
#312=LINE('',#2121,#500);
#313=LINE('',#2122,#501);
#314=LINE('',#2124,#502);
#315=LINE('',#2125,#503);
#316=LINE('',#2128,#504);
#317=LINE('',#2129,#505);
#318=LINE('',#2131,#506);
#319=LINE('',#2133,#507);
#320=LINE('',#2137,#508);
#321=LINE('',#2140,#509);
#322=LINE('',#2141,#510);
#323=LINE('',#2144,#511);
#324=LINE('',#2145,#512);
#325=LINE('',#2147,#513);
#326=LINE('',#2151,#514);
#327=LINE('',#2152,#515);
#328=LINE('',#2155,#516);
#329=LINE('',#2156,#517);
#330=LINE('',#2158,#518);
#331=LINE('',#2162,#519);
#332=LINE('',#2164,#520);
#333=LINE('',#2165,#521);
#334=LINE('',#2167,#522);
#335=LINE('',#2171,#523);
#336=LINE('',#2172,#524);
#337=LINE('',#2173,#525);
#338=LINE('',#2175,#526);
#339=LINE('',#2177,#527);
#340=LINE('',#2182,#528);
#341=LINE('',#2184,#529);
#342=LINE('',#2186,#530);
#343=LINE('',#2187,#531);
#344=LINE('',#2191,#532);
#345=LINE('',#2193,#533);
#346=LINE('',#2194,#534);
#347=LINE('',#2195,#535);
#348=LINE('',#2198,#536);
#349=LINE('',#2199,#537);
#350=LINE('',#2203,#538);
#351=LINE('',#2204,#539);
#352=LINE('',#2205,#540);
#353=LINE('',#2207,#541);
#354=LINE('',#2211,#542);
#355=LINE('',#2216,#543);
#356=LINE('',#2221,#544);
#357=LINE('',#2229,#545);
#358=LINE('',#2231,#546);
#359=LINE('',#2233,#547);
#360=LINE('',#2234,#548);
#361=LINE('',#2237,#549);
#362=LINE('',#2239,#550);
#363=LINE('',#2240,#551);
#364=LINE('',#2243,#552);
#365=LINE('',#2245,#553);
#366=LINE('',#2246,#554);
#367=LINE('',#2249,#555);
#368=LINE('',#2251,#556);
#369=LINE('',#2252,#557);
#370=LINE('',#2255,#558);
#371=LINE('',#2257,#559);
#372=LINE('',#2258,#560);
#373=LINE('',#2260,#561);
#374=LINE('',#2261,#562);
#375=LINE('',#2267,#563);
#376=LINE('',#2272,#564);
#377=LINE('',#2274,#565);
#378=LINE('',#2276,#566);
#379=LINE('',#2277,#567);
#380=LINE('',#2280,#568);
#381=LINE('',#2282,#569);
#382=LINE('',#2283,#570);
#383=LINE('',#2286,#571);
#384=LINE('',#2288,#572);
#385=LINE('',#2289,#573);
#386=LINE('',#2291,#574);
#387=LINE('',#2292,#575);
#388=VECTOR('',#1542,10.);
#389=VECTOR('',#1543,10.);
#390=VECTOR('',#1544,10.);
#391=VECTOR('',#1545,10.);
#392=VECTOR('',#1548,10.);
#393=VECTOR('',#1549,10.);
#394=VECTOR('',#1550,10.);
#395=VECTOR('',#1551,10.);
#396=VECTOR('',#1554,10.);
#397=VECTOR('',#1555,10.);
#398=VECTOR('',#1556,10.);
#399=VECTOR('',#1557,10.);
#400=VECTOR('',#1562,1.6);
#401=VECTOR('',#1567,10.);
#402=VECTOR('',#1568,10.);
#403=VECTOR('',#1569,10.);
#404=VECTOR('',#1572,10.);
#405=VECTOR('',#1573,10.);
#406=VECTOR('',#1574,10.);
#407=VECTOR('',#1575,10.);
#408=VECTOR('',#1576,10.);
#409=VECTOR('',#1577,10.);
#410=VECTOR('',#1578,10.);
#411=VECTOR('',#1581,10.);
#412=VECTOR('',#1582,10.);
#413=VECTOR('',#1583,10.);
#414=VECTOR('',#1584,10.);
#415=VECTOR('',#1585,10.);
#416=VECTOR('',#1586,10.);
#417=VECTOR('',#1587,10.);
#418=VECTOR('',#1590,10.);
#419=VECTOR('',#1591,10.);
#420=VECTOR('',#1592,10.);
#421=VECTOR('',#1595,10.);
#422=VECTOR('',#1596,10.);
#423=VECTOR('',#1597,10.);
#424=VECTOR('',#1598,10.);
#425=VECTOR('',#1601,10.);
#426=VECTOR('',#1602,10.);
#427=VECTOR('',#1603,10.);
#428=VECTOR('',#1604,10.);
#429=VECTOR('',#1605,10.);
#430=VECTOR('',#1606,10.);
#431=VECTOR('',#1609,10.);
#432=VECTOR('',#1610,10.);
#433=VECTOR('',#1611,10.);
#434=VECTOR('',#1612,10.);
#435=VECTOR('',#1613,10.);
#436=VECTOR('',#1614,10.);
#437=VECTOR('',#1615,10.);
#438=VECTOR('',#1616,10.);
#439=VECTOR('',#1619,10.);
#440=VECTOR('',#1620,10.);
#441=VECTOR('',#1621,10.);
#442=VECTOR('',#1622,10.);
#443=VECTOR('',#1623,10.);
#444=VECTOR('',#1624,10.);
#445=VECTOR('',#1629,10.);
#446=VECTOR('',#1630,10.);
#447=VECTOR('',#1631,10.);
#448=VECTOR('',#1632,10.);
#449=VECTOR('',#1635,10.);
#450=VECTOR('',#1636,10.);
#451=VECTOR('',#1637,10.);
#452=VECTOR('',#1640,10.);
#453=VECTOR('',#1641,10.);
#454=VECTOR('',#1642,10.);
#455=VECTOR('',#1643,10.);
#456=VECTOR('',#1644,10.);
#457=VECTOR('',#1645,10.);
#458=VECTOR('',#1646,10.);
#459=VECTOR('',#1647,10.);
#460=VECTOR('',#1650,10.);
#461=VECTOR('',#1651,10.);
#462=VECTOR('',#1652,10.);
#463=VECTOR('',#1653,10.);
#464=VECTOR('',#1654,10.);
#465=VECTOR('',#1657,10.);
#466=VECTOR('',#1658,10.);
#467=VECTOR('',#1659,10.);
#468=VECTOR('',#1660,10.);
#469=VECTOR('',#1661,10.);
#470=VECTOR('',#1662,10.);
#471=VECTOR('',#1665,10.);
#472=VECTOR('',#1666,10.);
#473=VECTOR('',#1667,10.);
#474=VECTOR('',#1670,10.);
#475=VECTOR('',#1671,10.);
#476=VECTOR('',#1672,10.);
#477=VECTOR('',#1673,10.);
#478=VECTOR('',#1674,10.);
#479=VECTOR('',#1677,10.);
#480=VECTOR('',#1678,10.);
#481=VECTOR('',#1679,10.);
#482=VECTOR('',#1682,10.);
#483=VECTOR('',#1683,10.);
#484=VECTOR('',#1686,10.);
#485=VECTOR('',#1687,10.);
#486=VECTOR('',#1690,10.);
#487=VECTOR('',#1691,10.);
#488=VECTOR('',#1692,10.);
#489=VECTOR('',#1693,10.);
#490=VECTOR('',#1694,10.);
#491=VECTOR('',#1695,10.);
#492=VECTOR('',#1696,10.);
#493=VECTOR('',#1697,10.);
#494=VECTOR('',#1698,10.);
#495=VECTOR('',#1699,10.);
#496=VECTOR('',#1702,10.);
#497=VECTOR('',#1703,10.);
#498=VECTOR('',#1704,10.);
#499=VECTOR('',#1705,10.);
#500=VECTOR('',#1706,10.);
#501=VECTOR('',#1707,10.);
#502=VECTOR('',#1708,10.);
#503=VECTOR('',#1709,10.);
#504=VECTOR('',#1712,10.);
#505=VECTOR('',#1713,10.);
#506=VECTOR('',#1716,10.);
#507=VECTOR('',#1719,10.);
#508=VECTOR('',#1724,1.7);
#509=VECTOR('',#1727,10.);
#510=VECTOR('',#1728,10.);
#511=VECTOR('',#1731,10.);
#512=VECTOR('',#1732,10.);
#513=VECTOR('',#1735,10.);
#514=VECTOR('',#1740,10.);
#515=VECTOR('',#1741,10.);
#516=VECTOR('',#1744,10.);
#517=VECTOR('',#1745,10.);
#518=VECTOR('',#1748,10.);
#519=VECTOR('',#1753,10.);
#520=VECTOR('',#1754,10.);
#521=VECTOR('',#1755,10.);
#522=VECTOR('',#1758,10.);
#523=VECTOR('',#1761,10.);
#524=VECTOR('',#1762,10.);
#525=VECTOR('',#1763,10.);
#526=VECTOR('',#1766,10.);
#527=VECTOR('',#1769,10.);
#528=VECTOR('',#1776,10.);
#529=VECTOR('',#1779,10.);
#530=VECTOR('',#1782,10.);
#531=VECTOR('',#1783,10.);
#532=VECTOR('',#1786,10.);
#533=VECTOR('',#1787,10.);
#534=VECTOR('',#1788,10.);
#535=VECTOR('',#1789,10.);
#536=VECTOR('',#1792,10.);
#537=VECTOR('',#1793,10.);
#538=VECTOR('',#1796,10.);
#539=VECTOR('',#1797,10.);
#540=VECTOR('',#1798,10.);
#541=VECTOR('',#1801,10.);
#542=VECTOR('',#1808,10.);
#543=VECTOR('',#1815,1.6);
#544=VECTOR('',#1820,1.6);
#545=VECTOR('',#1831,10.);
#546=VECTOR('',#1832,10.);
#547=VECTOR('',#1833,10.);
#548=VECTOR('',#1834,10.);
#549=VECTOR('',#1837,10.);
#550=VECTOR('',#1838,10.);
#551=VECTOR('',#1839,10.);
#552=VECTOR('',#1842,10.);
#553=VECTOR('',#1843,10.);
#554=VECTOR('',#1844,10.);
#555=VECTOR('',#1847,10.);
#556=VECTOR('',#1848,10.);
#557=VECTOR('',#1849,10.);
#558=VECTOR('',#1852,10.);
#559=VECTOR('',#1853,10.);
#560=VECTOR('',#1854,10.);
#561=VECTOR('',#1857,10.);
#562=VECTOR('',#1858,10.);
#563=VECTOR('',#1865,1.7);
#564=VECTOR('',#1870,10.);
#565=VECTOR('',#1871,10.);
#566=VECTOR('',#1872,10.);
#567=VECTOR('',#1873,10.);
#568=VECTOR('',#1876,10.);
#569=VECTOR('',#1877,10.);
#570=VECTOR('',#1878,10.);
#571=VECTOR('',#1881,10.);
#572=VECTOR('',#1882,10.);
#573=VECTOR('',#1883,10.);
#574=VECTOR('',#1886,10.);
#575=VECTOR('',#1887,10.);
#576=VERTEX_POINT('',#1894);
#577=VERTEX_POINT('',#1895);
#578=VERTEX_POINT('',#1897);
#579=VERTEX_POINT('',#1899);
#580=VERTEX_POINT('',#1903);
#581=VERTEX_POINT('',#1904);
#582=VERTEX_POINT('',#1906);
#583=VERTEX_POINT('',#1908);
#584=VERTEX_POINT('',#1912);
#585=VERTEX_POINT('',#1913);
#586=VERTEX_POINT('',#1915);
#587=VERTEX_POINT('',#1917);
#588=VERTEX_POINT('',#1921);
#589=VERTEX_POINT('',#1923);
#590=VERTEX_POINT('',#1927);
#591=VERTEX_POINT('',#1929);
#592=VERTEX_POINT('',#1933);
#593=VERTEX_POINT('',#1935);
#594=VERTEX_POINT('',#1937);
#595=VERTEX_POINT('',#1939);
#596=VERTEX_POINT('',#1941);
#597=VERTEX_POINT('',#1943);
#598=VERTEX_POINT('',#1947);
#599=VERTEX_POINT('',#1949);
#600=VERTEX_POINT('',#1951);
#601=VERTEX_POINT('',#1953);
#602=VERTEX_POINT('',#1955);
#603=VERTEX_POINT('',#1957);
#604=VERTEX_POINT('',#1961);
#605=VERTEX_POINT('',#1963);
#606=VERTEX_POINT('',#1967);
#607=VERTEX_POINT('',#1968);
#608=VERTEX_POINT('',#1971);
#609=VERTEX_POINT('',#1975);
#610=VERTEX_POINT('',#1977);
#611=VERTEX_POINT('',#1979);
#612=VERTEX_POINT('',#1981);
#613=VERTEX_POINT('',#1983);
#614=VERTEX_POINT('',#1987);
#615=VERTEX_POINT('',#1989);
#616=VERTEX_POINT('',#1991);
#617=VERTEX_POINT('',#1993);
#618=VERTEX_POINT('',#1995);
#619=VERTEX_POINT('',#1997);
#620=VERTEX_POINT('',#1999);
#621=VERTEX_POINT('',#2003);
#622=VERTEX_POINT('',#2005);
#623=VERTEX_POINT('',#2008);
#624=VERTEX_POINT('',#2010);
#625=VERTEX_POINT('',#2013);
#626=VERTEX_POINT('',#2016);
#627=VERTEX_POINT('',#2018);
#628=VERTEX_POINT('',#2020);
#629=VERTEX_POINT('',#2024);
#630=VERTEX_POINT('',#2026);
#631=VERTEX_POINT('',#2030);
#632=VERTEX_POINT('',#2031);
#633=VERTEX_POINT('',#2033);
#634=VERTEX_POINT('',#2035);
#635=VERTEX_POINT('',#2037);
#636=VERTEX_POINT('',#2039);
#637=VERTEX_POINT('',#2041);
#638=VERTEX_POINT('',#2047);
#639=VERTEX_POINT('',#2049);
#640=VERTEX_POINT('',#2051);
#641=VERTEX_POINT('',#2055);
#642=VERTEX_POINT('',#2057);
#643=VERTEX_POINT('',#2060);
#644=VERTEX_POINT('',#2062);
#645=VERTEX_POINT('',#2066);
#646=VERTEX_POINT('',#2068);
#647=VERTEX_POINT('',#2072);
#648=VERTEX_POINT('',#2074);
#649=VERTEX_POINT('',#2076);
#650=VERTEX_POINT('',#2078);
#651=VERTEX_POINT('',#2082);
#652=VERTEX_POINT('',#2084);
#653=VERTEX_POINT('',#2088);
#654=VERTEX_POINT('',#2092);
#655=VERTEX_POINT('',#2096);
#656=VERTEX_POINT('',#2098);
#657=VERTEX_POINT('',#2102);
#658=VERTEX_POINT('',#2105);
#659=VERTEX_POINT('',#2106);
#660=VERTEX_POINT('',#2108);
#661=VERTEX_POINT('',#2110);
#662=VERTEX_POINT('',#2114);
#663=VERTEX_POINT('',#2116);
#664=VERTEX_POINT('',#2119);
#665=VERTEX_POINT('',#2123);
#666=VERTEX_POINT('',#2127);
#667=VERTEX_POINT('',#2135);
#668=VERTEX_POINT('',#2139);
#669=VERTEX_POINT('',#2143);
#670=VERTEX_POINT('',#2150);
#671=VERTEX_POINT('',#2154);
#672=VERTEX_POINT('',#2161);
#673=VERTEX_POINT('',#2163);
#674=VERTEX_POINT('',#2169);
#675=VERTEX_POINT('',#2170);
#676=VERTEX_POINT('',#2178);
#677=VERTEX_POINT('',#2189);
#678=VERTEX_POINT('',#2190);
#679=VERTEX_POINT('',#2192);
#680=VERTEX_POINT('',#2197);
#681=VERTEX_POINT('',#2201);
#682=VERTEX_POINT('',#2202);
#683=VERTEX_POINT('',#2214);
#684=VERTEX_POINT('',#2218);
#685=VERTEX_POINT('',#2220);
#686=VERTEX_POINT('',#2227);
#687=VERTEX_POINT('',#2228);
#688=VERTEX_POINT('',#2230);
#689=VERTEX_POINT('',#2232);
#690=VERTEX_POINT('',#2236);
#691=VERTEX_POINT('',#2238);
#692=VERTEX_POINT('',#2242);
#693=VERTEX_POINT('',#2244);
#694=VERTEX_POINT('',#2248);
#695=VERTEX_POINT('',#2250);
#696=VERTEX_POINT('',#2254);
#697=VERTEX_POINT('',#2256);
#698=VERTEX_POINT('',#2263);
#699=VERTEX_POINT('',#2266);
#700=VERTEX_POINT('',#2270);
#701=VERTEX_POINT('',#2271);
#702=VERTEX_POINT('',#2273);
#703=VERTEX_POINT('',#2275);
#704=VERTEX_POINT('',#2279);
#705=VERTEX_POINT('',#2281);
#706=VERTEX_POINT('',#2285);
#707=VERTEX_POINT('',#2287);
#708=EDGE_CURVE('',#576,#577,#200,.T.);
#709=EDGE_CURVE('',#578,#576,#201,.T.);
#710=EDGE_CURVE('',#579,#578,#202,.T.);
#711=EDGE_CURVE('',#577,#579,#203,.T.);
#712=EDGE_CURVE('',#580,#581,#204,.T.);
#713=EDGE_CURVE('',#582,#580,#205,.T.);
#714=EDGE_CURVE('',#583,#582,#206,.T.);
#715=EDGE_CURVE('',#581,#583,#207,.T.);
#716=EDGE_CURVE('',#584,#585,#208,.T.);
#717=EDGE_CURVE('',#586,#584,#209,.T.);
#718=EDGE_CURVE('',#587,#586,#210,.T.);
#719=EDGE_CURVE('',#585,#587,#211,.T.);
#720=EDGE_CURVE('',#588,#588,#29,.T.);
#721=EDGE_CURVE('',#588,#589,#212,.T.);
#722=EDGE_CURVE('',#589,#589,#30,.T.);
#723=EDGE_CURVE('',#590,#587,#213,.T.);
#724=EDGE_CURVE('',#591,#590,#214,.T.);
#725=EDGE_CURVE('',#585,#591,#215,.T.);
#726=EDGE_CURVE('',#592,#583,#216,.T.);
#727=EDGE_CURVE('',#592,#593,#217,.T.);
#728=EDGE_CURVE('',#594,#593,#218,.T.);
#729=EDGE_CURVE('',#595,#594,#219,.T.);
#730=EDGE_CURVE('',#596,#595,#220,.T.);
#731=EDGE_CURVE('',#597,#596,#221,.T.);
#732=EDGE_CURVE('',#597,#581,#222,.T.);
#733=EDGE_CURVE('',#576,#598,#223,.T.);
#734=EDGE_CURVE('',#599,#598,#224,.T.);
#735=EDGE_CURVE('',#600,#599,#225,.T.);
#736=EDGE_CURVE('',#601,#600,#226,.T.);
#737=EDGE_CURVE('',#602,#601,#227,.T.);
#738=EDGE_CURVE('',#602,#603,#228,.T.);
#739=EDGE_CURVE('',#578,#603,#229,.T.);
#740=EDGE_CURVE('',#580,#604,#230,.T.);
#741=EDGE_CURVE('',#605,#604,#231,.T.);
#742=EDGE_CURVE('',#605,#582,#232,.T.);
#743=EDGE_CURVE('',#606,#607,#233,.T.);
#744=EDGE_CURVE('',#594,#607,#234,.T.);
#745=EDGE_CURVE('',#608,#593,#235,.T.);
#746=EDGE_CURVE('',#606,#608,#236,.T.);
#747=EDGE_CURVE('',#607,#609,#237,.T.);
#748=EDGE_CURVE('',#609,#610,#238,.T.);
#749=EDGE_CURVE('',#610,#611,#239,.T.);
#750=EDGE_CURVE('',#612,#611,#240,.T.);
#751=EDGE_CURVE('',#613,#612,#241,.T.);
#752=EDGE_CURVE('',#613,#595,#242,.T.);
#753=EDGE_CURVE('',#609,#614,#243,.T.);
#754=EDGE_CURVE('',#614,#615,#244,.T.);
#755=EDGE_CURVE('',#615,#616,#245,.T.);
#756=EDGE_CURVE('',#616,#617,#246,.T.);
#757=EDGE_CURVE('',#617,#618,#247,.T.);
#758=EDGE_CURVE('',#619,#618,#248,.T.);
#759=EDGE_CURVE('',#619,#620,#249,.T.);
#760=EDGE_CURVE('',#620,#610,#250,.T.);
#761=EDGE_CURVE('',#614,#621,#251,.T.);
#762=EDGE_CURVE('',#621,#622,#252,.T.);
#763=EDGE_CURVE('',#622,#619,#253,.T.);
#764=EDGE_CURVE('',#618,#623,#254,.T.);
#765=EDGE_CURVE('',#623,#624,#255,.T.);
#766=EDGE_CURVE('',#624,#615,#256,.T.);
#767=EDGE_CURVE('',#625,#625,#31,.T.);
#768=EDGE_CURVE('',#621,#626,#257,.T.);
#769=EDGE_CURVE('',#626,#627,#258,.T.);
#770=EDGE_CURVE('',#627,#628,#259,.T.);
#771=EDGE_CURVE('',#628,#622,#260,.T.);
#772=EDGE_CURVE('',#629,#579,#261,.T.);
#773=EDGE_CURVE('',#630,#629,#262,.T.);
#774=EDGE_CURVE('',#630,#577,#263,.T.);
#775=EDGE_CURVE('',#631,#632,#264,.T.);
#776=EDGE_CURVE('',#632,#633,#265,.T.);
#777=EDGE_CURVE('',#633,#634,#266,.T.);
#778=EDGE_CURVE('',#634,#635,#267,.T.);
#779=EDGE_CURVE('',#635,#636,#268,.T.);
#780=EDGE_CURVE('',#637,#636,#269,.T.);
#781=EDGE_CURVE('',#602,#637,#270,.T.);
#782=EDGE_CURVE('',#631,#601,#271,.T.);
#783=EDGE_CURVE('',#626,#631,#272,.T.);
#784=EDGE_CURVE('',#638,#600,#273,.T.);
#785=EDGE_CURVE('',#639,#638,#274,.T.);
#786=EDGE_CURVE('',#639,#640,#275,.T.);
#787=EDGE_CURVE('',#640,#627,#276,.T.);
#788=EDGE_CURVE('',#632,#641,#277,.T.);
#789=EDGE_CURVE('',#642,#641,#278,.T.);
#790=EDGE_CURVE('',#637,#642,#279,.T.);
#791=EDGE_CURVE('',#636,#643,#280,.T.);
#792=EDGE_CURVE('',#643,#644,#281,.T.);
#793=EDGE_CURVE('',#644,#633,#282,.T.);
#794=EDGE_CURVE('',#645,#586,#283,.T.);
#795=EDGE_CURVE('',#646,#645,#284,.T.);
#796=EDGE_CURVE('',#646,#590,#285,.T.);
#797=EDGE_CURVE('',#647,#628,#286,.T.);
#798=EDGE_CURVE('',#648,#647,#287,.T.);
#799=EDGE_CURVE('',#649,#648,#288,.T.);
#800=EDGE_CURVE('',#650,#649,#289,.T.);
#801=EDGE_CURVE('',#620,#650,#290,.T.);
#802=EDGE_CURVE('',#651,#649,#291,.T.);
#803=EDGE_CURVE('',#651,#652,#292,.T.);
#804=EDGE_CURVE('',#652,#650,#293,.T.);
#805=EDGE_CURVE('',#648,#653,#294,.T.);
#806=EDGE_CURVE('',#653,#651,#295,.T.);
#807=EDGE_CURVE('',#647,#654,#296,.T.);
#808=EDGE_CURVE('',#653,#654,#297,.T.);
#809=EDGE_CURVE('',#655,#584,#298,.T.);
#810=EDGE_CURVE('',#656,#655,#299,.T.);
#811=EDGE_CURVE('',#611,#656,#300,.T.);
#812=EDGE_CURVE('',#654,#652,#301,.T.);
#813=EDGE_CURVE('',#657,#640,#302,.T.);
#814=EDGE_CURVE('',#645,#657,#303,.T.);
#815=EDGE_CURVE('',#658,#659,#304,.T.);
#816=EDGE_CURVE('',#660,#658,#305,.T.);
#817=EDGE_CURVE('',#661,#660,#306,.T.);
#818=EDGE_CURVE('',#659,#661,#307,.T.);
#819=EDGE_CURVE('',#604,#662,#308,.T.);
#820=EDGE_CURVE('',#663,#662,#309,.T.);
#821=EDGE_CURVE('',#591,#663,#310,.T.);
#822=EDGE_CURVE('',#664,#646,#311,.T.);
#823=EDGE_CURVE('',#664,#630,#312,.T.);
#824=EDGE_CURVE('',#641,#629,#313,.T.);
#825=EDGE_CURVE('',#665,#606,#314,.T.);
#826=EDGE_CURVE('',#665,#605,#315,.T.);
#827=EDGE_CURVE('',#666,#608,#316,.T.);
#828=EDGE_CURVE('',#666,#665,#317,.T.);
#829=EDGE_CURVE('',#603,#642,#318,.T.);
#830=EDGE_CURVE('',#666,#592,#319,.T.);
#831=EDGE_CURVE('',#667,#667,#32,.T.);
#832=EDGE_CURVE('',#667,#625,#320,.T.);
#833=EDGE_CURVE('',#668,#635,#321,.T.);
#834=EDGE_CURVE('',#643,#668,#322,.T.);
#835=EDGE_CURVE('',#669,#668,#323,.T.);
#836=EDGE_CURVE('',#644,#669,#324,.T.);
#837=EDGE_CURVE('',#634,#669,#325,.T.);
#838=EDGE_CURVE('',#670,#617,#326,.T.);
#839=EDGE_CURVE('',#623,#670,#327,.T.);
#840=EDGE_CURVE('',#671,#670,#328,.T.);
#841=EDGE_CURVE('',#624,#671,#329,.T.);
#842=EDGE_CURVE('',#616,#671,#330,.T.);
#843=EDGE_CURVE('',#639,#672,#331,.T.);
#844=EDGE_CURVE('',#673,#638,#332,.T.);
#845=EDGE_CURVE('',#673,#672,#333,.T.);
#846=EDGE_CURVE('',#673,#599,#334,.T.);
#847=EDGE_CURVE('',#674,#675,#335,.T.);
#848=EDGE_CURVE('',#613,#675,#336,.T.);
#849=EDGE_CURVE('',#674,#612,#337,.T.);
#850=EDGE_CURVE('',#675,#596,#338,.T.);
#851=EDGE_CURVE('',#662,#597,#339,.T.);
#852=EDGE_CURVE('',#676,#676,#33,.T.);
#853=EDGE_CURVE('',#674,#656,#340,.T.);
#854=EDGE_CURVE('',#663,#655,#341,.T.);
#855=EDGE_CURVE('',#657,#672,#342,.T.);
#856=EDGE_CURVE('',#664,#598,#343,.T.);
#857=EDGE_CURVE('',#677,#678,#344,.T.);
#858=EDGE_CURVE('',#679,#677,#345,.T.);
#859=EDGE_CURVE('',#679,#661,#346,.T.);
#860=EDGE_CURVE('',#678,#660,#347,.T.);
#861=EDGE_CURVE('',#680,#679,#348,.T.);
#862=EDGE_CURVE('',#680,#659,#349,.T.);
#863=EDGE_CURVE('',#681,#682,#350,.T.);
#864=EDGE_CURVE('',#658,#681,#351,.T.);
#865=EDGE_CURVE('',#682,#680,#352,.T.);
#866=EDGE_CURVE('',#678,#681,#353,.T.);
#867=EDGE_CURVE('',#677,#682,#354,.F.);
#868=EDGE_CURVE('',#683,#683,#34,.T.);
#869=EDGE_CURVE('',#683,#676,#355,.T.);
#870=EDGE_CURVE('',#684,#684,#35,.T.);
#871=EDGE_CURVE('',#684,#685,#356,.T.);
#872=EDGE_CURVE('',#685,#685,#36,.T.);
#873=EDGE_CURVE('',#686,#687,#357,.T.);
#874=EDGE_CURVE('',#686,#688,#358,.T.);
#875=EDGE_CURVE('',#688,#689,#359,.T.);
#876=EDGE_CURVE('',#687,#689,#360,.T.);
#877=EDGE_CURVE('',#690,#686,#361,.T.);
#878=EDGE_CURVE('',#690,#691,#362,.T.);
#879=EDGE_CURVE('',#691,#688,#363,.T.);
#880=EDGE_CURVE('',#692,#690,#364,.T.);
#881=EDGE_CURVE('',#692,#693,#365,.T.);
#882=EDGE_CURVE('',#693,#691,#366,.T.);
#883=EDGE_CURVE('',#694,#692,#367,.T.);
#884=EDGE_CURVE('',#694,#695,#368,.T.);
#885=EDGE_CURVE('',#695,#693,#369,.T.);
#886=EDGE_CURVE('',#696,#694,#370,.T.);
#887=EDGE_CURVE('',#696,#697,#371,.T.);
#888=EDGE_CURVE('',#697,#695,#372,.T.);
#889=EDGE_CURVE('',#687,#696,#373,.T.);
#890=EDGE_CURVE('',#689,#697,#374,.T.);
#891=EDGE_CURVE('',#698,#698,#37,.T.);
#892=EDGE_CURVE('',#698,#699,#375,.T.);
#893=EDGE_CURVE('',#699,#699,#38,.T.);
#894=EDGE_CURVE('',#700,#701,#376,.T.);
#895=EDGE_CURVE('',#700,#702,#377,.T.);
#896=EDGE_CURVE('',#703,#702,#378,.T.);
#897=EDGE_CURVE('',#701,#703,#379,.T.);
#898=EDGE_CURVE('',#704,#701,#380,.T.);
#899=EDGE_CURVE('',#705,#703,#381,.T.);
#900=EDGE_CURVE('',#704,#705,#382,.T.);
#901=EDGE_CURVE('',#706,#704,#383,.T.);
#902=EDGE_CURVE('',#707,#705,#384,.T.);
#903=EDGE_CURVE('',#706,#707,#385,.T.);
#904=EDGE_CURVE('',#706,#700,#386,.T.);
#905=EDGE_CURVE('',#702,#707,#387,.T.);
#906=ORIENTED_EDGE('',*,*,#708,.F.);
#907=ORIENTED_EDGE('',*,*,#709,.F.);
#908=ORIENTED_EDGE('',*,*,#710,.F.);
#909=ORIENTED_EDGE('',*,*,#711,.F.);
#910=ORIENTED_EDGE('',*,*,#712,.F.);
#911=ORIENTED_EDGE('',*,*,#713,.F.);
#912=ORIENTED_EDGE('',*,*,#714,.F.);
#913=ORIENTED_EDGE('',*,*,#715,.F.);
#914=ORIENTED_EDGE('',*,*,#716,.F.);
#915=ORIENTED_EDGE('',*,*,#717,.F.);
#916=ORIENTED_EDGE('',*,*,#718,.F.);
#917=ORIENTED_EDGE('',*,*,#719,.F.);
#918=ORIENTED_EDGE('',*,*,#720,.F.);
#919=ORIENTED_EDGE('',*,*,#721,.T.);
#920=ORIENTED_EDGE('',*,*,#722,.F.);
#921=ORIENTED_EDGE('',*,*,#721,.F.);
#922=ORIENTED_EDGE('',*,*,#719,.T.);
#923=ORIENTED_EDGE('',*,*,#723,.F.);
#924=ORIENTED_EDGE('',*,*,#724,.F.);
#925=ORIENTED_EDGE('',*,*,#725,.F.);
#926=ORIENTED_EDGE('',*,*,#715,.T.);
#927=ORIENTED_EDGE('',*,*,#726,.F.);
#928=ORIENTED_EDGE('',*,*,#727,.T.);
#929=ORIENTED_EDGE('',*,*,#728,.F.);
#930=ORIENTED_EDGE('',*,*,#729,.F.);
#931=ORIENTED_EDGE('',*,*,#730,.F.);
#932=ORIENTED_EDGE('',*,*,#731,.F.);
#933=ORIENTED_EDGE('',*,*,#732,.T.);
#934=ORIENTED_EDGE('',*,*,#709,.T.);
#935=ORIENTED_EDGE('',*,*,#733,.T.);
#936=ORIENTED_EDGE('',*,*,#734,.F.);
#937=ORIENTED_EDGE('',*,*,#735,.F.);
#938=ORIENTED_EDGE('',*,*,#736,.F.);
#939=ORIENTED_EDGE('',*,*,#737,.F.);
#940=ORIENTED_EDGE('',*,*,#738,.T.);
#941=ORIENTED_EDGE('',*,*,#739,.F.);
#942=ORIENTED_EDGE('',*,*,#713,.T.);
#943=ORIENTED_EDGE('',*,*,#740,.T.);
#944=ORIENTED_EDGE('',*,*,#741,.F.);
#945=ORIENTED_EDGE('',*,*,#742,.T.);
#946=ORIENTED_EDGE('',*,*,#743,.T.);
#947=ORIENTED_EDGE('',*,*,#744,.F.);
#948=ORIENTED_EDGE('',*,*,#728,.T.);
#949=ORIENTED_EDGE('',*,*,#745,.F.);
#950=ORIENTED_EDGE('',*,*,#746,.F.);
#951=ORIENTED_EDGE('',*,*,#747,.T.);
#952=ORIENTED_EDGE('',*,*,#748,.T.);
#953=ORIENTED_EDGE('',*,*,#749,.T.);
#954=ORIENTED_EDGE('',*,*,#750,.F.);
#955=ORIENTED_EDGE('',*,*,#751,.F.);
#956=ORIENTED_EDGE('',*,*,#752,.T.);
#957=ORIENTED_EDGE('',*,*,#729,.T.);
#958=ORIENTED_EDGE('',*,*,#744,.T.);
#959=ORIENTED_EDGE('',*,*,#753,.T.);
#960=ORIENTED_EDGE('',*,*,#754,.T.);
#961=ORIENTED_EDGE('',*,*,#755,.T.);
#962=ORIENTED_EDGE('',*,*,#756,.T.);
#963=ORIENTED_EDGE('',*,*,#757,.T.);
#964=ORIENTED_EDGE('',*,*,#758,.F.);
#965=ORIENTED_EDGE('',*,*,#759,.T.);
#966=ORIENTED_EDGE('',*,*,#760,.T.);
#967=ORIENTED_EDGE('',*,*,#748,.F.);
#968=ORIENTED_EDGE('',*,*,#761,.T.);
#969=ORIENTED_EDGE('',*,*,#762,.T.);
#970=ORIENTED_EDGE('',*,*,#763,.T.);
#971=ORIENTED_EDGE('',*,*,#758,.T.);
#972=ORIENTED_EDGE('',*,*,#764,.T.);
#973=ORIENTED_EDGE('',*,*,#765,.T.);
#974=ORIENTED_EDGE('',*,*,#766,.T.);
#975=ORIENTED_EDGE('',*,*,#754,.F.);
#976=ORIENTED_EDGE('',*,*,#767,.T.);
#977=ORIENTED_EDGE('',*,*,#768,.T.);
#978=ORIENTED_EDGE('',*,*,#769,.T.);
#979=ORIENTED_EDGE('',*,*,#770,.T.);
#980=ORIENTED_EDGE('',*,*,#771,.T.);
#981=ORIENTED_EDGE('',*,*,#762,.F.);
#982=ORIENTED_EDGE('',*,*,#711,.T.);
#983=ORIENTED_EDGE('',*,*,#772,.F.);
#984=ORIENTED_EDGE('',*,*,#773,.F.);
#985=ORIENTED_EDGE('',*,*,#774,.T.);
#986=ORIENTED_EDGE('',*,*,#775,.T.);
#987=ORIENTED_EDGE('',*,*,#776,.T.);
#988=ORIENTED_EDGE('',*,*,#777,.T.);
#989=ORIENTED_EDGE('',*,*,#778,.T.);
#990=ORIENTED_EDGE('',*,*,#779,.T.);
#991=ORIENTED_EDGE('',*,*,#780,.F.);
#992=ORIENTED_EDGE('',*,*,#781,.F.);
#993=ORIENTED_EDGE('',*,*,#737,.T.);
#994=ORIENTED_EDGE('',*,*,#782,.F.);
#995=ORIENTED_EDGE('',*,*,#783,.T.);
#996=ORIENTED_EDGE('',*,*,#782,.T.);
#997=ORIENTED_EDGE('',*,*,#736,.T.);
#998=ORIENTED_EDGE('',*,*,#784,.F.);
#999=ORIENTED_EDGE('',*,*,#785,.F.);
#1000=ORIENTED_EDGE('',*,*,#786,.T.);
#1001=ORIENTED_EDGE('',*,*,#787,.T.);
#1002=ORIENTED_EDGE('',*,*,#769,.F.);
#1003=ORIENTED_EDGE('',*,*,#788,.T.);
#1004=ORIENTED_EDGE('',*,*,#789,.F.);
#1005=ORIENTED_EDGE('',*,*,#790,.F.);
#1006=ORIENTED_EDGE('',*,*,#780,.T.);
#1007=ORIENTED_EDGE('',*,*,#791,.T.);
#1008=ORIENTED_EDGE('',*,*,#792,.T.);
#1009=ORIENTED_EDGE('',*,*,#793,.T.);
#1010=ORIENTED_EDGE('',*,*,#776,.F.);
#1011=ORIENTED_EDGE('',*,*,#718,.T.);
#1012=ORIENTED_EDGE('',*,*,#794,.F.);
#1013=ORIENTED_EDGE('',*,*,#795,.F.);
#1014=ORIENTED_EDGE('',*,*,#796,.T.);
#1015=ORIENTED_EDGE('',*,*,#723,.T.);
#1016=ORIENTED_EDGE('',*,*,#722,.T.);
#1017=ORIENTED_EDGE('',*,*,#763,.F.);
#1018=ORIENTED_EDGE('',*,*,#771,.F.);
#1019=ORIENTED_EDGE('',*,*,#797,.F.);
#1020=ORIENTED_EDGE('',*,*,#798,.F.);
#1021=ORIENTED_EDGE('',*,*,#799,.F.);
#1022=ORIENTED_EDGE('',*,*,#800,.F.);
#1023=ORIENTED_EDGE('',*,*,#801,.F.);
#1024=ORIENTED_EDGE('',*,*,#759,.F.);
#1025=ORIENTED_EDGE('',*,*,#800,.T.);
#1026=ORIENTED_EDGE('',*,*,#802,.F.);
#1027=ORIENTED_EDGE('',*,*,#803,.T.);
#1028=ORIENTED_EDGE('',*,*,#804,.T.);
#1029=ORIENTED_EDGE('',*,*,#799,.T.);
#1030=ORIENTED_EDGE('',*,*,#805,.T.);
#1031=ORIENTED_EDGE('',*,*,#806,.T.);
#1032=ORIENTED_EDGE('',*,*,#802,.T.);
#1033=ORIENTED_EDGE('',*,*,#798,.T.);
#1034=ORIENTED_EDGE('',*,*,#807,.T.);
#1035=ORIENTED_EDGE('',*,*,#808,.F.);
#1036=ORIENTED_EDGE('',*,*,#805,.F.);
#1037=ORIENTED_EDGE('',*,*,#717,.T.);
#1038=ORIENTED_EDGE('',*,*,#809,.F.);
#1039=ORIENTED_EDGE('',*,*,#810,.F.);
#1040=ORIENTED_EDGE('',*,*,#811,.F.);
#1041=ORIENTED_EDGE('',*,*,#749,.F.);
#1042=ORIENTED_EDGE('',*,*,#760,.F.);
#1043=ORIENTED_EDGE('',*,*,#801,.T.);
#1044=ORIENTED_EDGE('',*,*,#804,.F.);
#1045=ORIENTED_EDGE('',*,*,#812,.F.);
#1046=ORIENTED_EDGE('',*,*,#807,.F.);
#1047=ORIENTED_EDGE('',*,*,#797,.T.);
#1048=ORIENTED_EDGE('',*,*,#770,.F.);
#1049=ORIENTED_EDGE('',*,*,#787,.F.);
#1050=ORIENTED_EDGE('',*,*,#813,.F.);
#1051=ORIENTED_EDGE('',*,*,#814,.F.);
#1052=ORIENTED_EDGE('',*,*,#794,.T.);
#1053=ORIENTED_EDGE('',*,*,#815,.F.);
#1054=ORIENTED_EDGE('',*,*,#816,.F.);
#1055=ORIENTED_EDGE('',*,*,#817,.F.);
#1056=ORIENTED_EDGE('',*,*,#818,.F.);
#1057=ORIENTED_EDGE('',*,*,#819,.T.);
#1058=ORIENTED_EDGE('',*,*,#820,.F.);
#1059=ORIENTED_EDGE('',*,*,#821,.F.);
#1060=ORIENTED_EDGE('',*,*,#724,.T.);
#1061=ORIENTED_EDGE('',*,*,#796,.F.);
#1062=ORIENTED_EDGE('',*,*,#822,.F.);
#1063=ORIENTED_EDGE('',*,*,#823,.T.);
#1064=ORIENTED_EDGE('',*,*,#773,.T.);
#1065=ORIENTED_EDGE('',*,*,#824,.F.);
#1066=ORIENTED_EDGE('',*,*,#788,.F.);
#1067=ORIENTED_EDGE('',*,*,#775,.F.);
#1068=ORIENTED_EDGE('',*,*,#783,.F.);
#1069=ORIENTED_EDGE('',*,*,#768,.F.);
#1070=ORIENTED_EDGE('',*,*,#761,.F.);
#1071=ORIENTED_EDGE('',*,*,#753,.F.);
#1072=ORIENTED_EDGE('',*,*,#747,.F.);
#1073=ORIENTED_EDGE('',*,*,#743,.F.);
#1074=ORIENTED_EDGE('',*,*,#825,.F.);
#1075=ORIENTED_EDGE('',*,*,#826,.T.);
#1076=ORIENTED_EDGE('',*,*,#741,.T.);
#1077=ORIENTED_EDGE('',*,*,#825,.T.);
#1078=ORIENTED_EDGE('',*,*,#746,.T.);
#1079=ORIENTED_EDGE('',*,*,#827,.F.);
#1080=ORIENTED_EDGE('',*,*,#828,.T.);
#1081=ORIENTED_EDGE('',*,*,#781,.T.);
#1082=ORIENTED_EDGE('',*,*,#790,.T.);
#1083=ORIENTED_EDGE('',*,*,#829,.F.);
#1084=ORIENTED_EDGE('',*,*,#738,.F.);
#1085=ORIENTED_EDGE('',*,*,#745,.T.);
#1086=ORIENTED_EDGE('',*,*,#727,.F.);
#1087=ORIENTED_EDGE('',*,*,#830,.F.);
#1088=ORIENTED_EDGE('',*,*,#827,.T.);
#1089=ORIENTED_EDGE('',*,*,#831,.F.);
#1090=ORIENTED_EDGE('',*,*,#832,.T.);
#1091=ORIENTED_EDGE('',*,*,#767,.F.);
#1092=ORIENTED_EDGE('',*,*,#832,.F.);
#1093=ORIENTED_EDGE('',*,*,#779,.F.);
#1094=ORIENTED_EDGE('',*,*,#833,.F.);
#1095=ORIENTED_EDGE('',*,*,#834,.F.);
#1096=ORIENTED_EDGE('',*,*,#791,.F.);
#1097=ORIENTED_EDGE('',*,*,#834,.T.);
#1098=ORIENTED_EDGE('',*,*,#835,.F.);
#1099=ORIENTED_EDGE('',*,*,#836,.F.);
#1100=ORIENTED_EDGE('',*,*,#792,.F.);
#1101=ORIENTED_EDGE('',*,*,#836,.T.);
#1102=ORIENTED_EDGE('',*,*,#837,.F.);
#1103=ORIENTED_EDGE('',*,*,#777,.F.);
#1104=ORIENTED_EDGE('',*,*,#793,.F.);
#1105=ORIENTED_EDGE('',*,*,#837,.T.);
#1106=ORIENTED_EDGE('',*,*,#835,.T.);
#1107=ORIENTED_EDGE('',*,*,#833,.T.);
#1108=ORIENTED_EDGE('',*,*,#778,.F.);
#1109=ORIENTED_EDGE('',*,*,#757,.F.);
#1110=ORIENTED_EDGE('',*,*,#838,.F.);
#1111=ORIENTED_EDGE('',*,*,#839,.F.);
#1112=ORIENTED_EDGE('',*,*,#764,.F.);
#1113=ORIENTED_EDGE('',*,*,#839,.T.);
#1114=ORIENTED_EDGE('',*,*,#840,.F.);
#1115=ORIENTED_EDGE('',*,*,#841,.F.);
#1116=ORIENTED_EDGE('',*,*,#765,.F.);
#1117=ORIENTED_EDGE('',*,*,#841,.T.);
#1118=ORIENTED_EDGE('',*,*,#842,.F.);
#1119=ORIENTED_EDGE('',*,*,#755,.F.);
#1120=ORIENTED_EDGE('',*,*,#766,.F.);
#1121=ORIENTED_EDGE('',*,*,#842,.T.);
#1122=ORIENTED_EDGE('',*,*,#840,.T.);
#1123=ORIENTED_EDGE('',*,*,#838,.T.);
#1124=ORIENTED_EDGE('',*,*,#756,.F.);
#1125=ORIENTED_EDGE('',*,*,#843,.F.);
#1126=ORIENTED_EDGE('',*,*,#785,.T.);
#1127=ORIENTED_EDGE('',*,*,#844,.F.);
#1128=ORIENTED_EDGE('',*,*,#845,.T.);
#1129=ORIENTED_EDGE('',*,*,#844,.T.);
#1130=ORIENTED_EDGE('',*,*,#784,.T.);
#1131=ORIENTED_EDGE('',*,*,#735,.T.);
#1132=ORIENTED_EDGE('',*,*,#846,.F.);
#1133=ORIENTED_EDGE('',*,*,#847,.T.);
#1134=ORIENTED_EDGE('',*,*,#848,.F.);
#1135=ORIENTED_EDGE('',*,*,#751,.T.);
#1136=ORIENTED_EDGE('',*,*,#849,.F.);
#1137=ORIENTED_EDGE('',*,*,#848,.T.);
#1138=ORIENTED_EDGE('',*,*,#850,.T.);
#1139=ORIENTED_EDGE('',*,*,#730,.T.);
#1140=ORIENTED_EDGE('',*,*,#752,.F.);
#1141=ORIENTED_EDGE('',*,*,#712,.T.);
#1142=ORIENTED_EDGE('',*,*,#732,.F.);
#1143=ORIENTED_EDGE('',*,*,#851,.F.);
#1144=ORIENTED_EDGE('',*,*,#819,.F.);
#1145=ORIENTED_EDGE('',*,*,#740,.F.);
#1146=ORIENTED_EDGE('',*,*,#852,.T.);
#1147=ORIENTED_EDGE('',*,*,#806,.F.);
#1148=ORIENTED_EDGE('',*,*,#808,.T.);
#1149=ORIENTED_EDGE('',*,*,#812,.T.);
#1150=ORIENTED_EDGE('',*,*,#803,.F.);
#1151=ORIENTED_EDGE('',*,*,#849,.T.);
#1152=ORIENTED_EDGE('',*,*,#750,.T.);
#1153=ORIENTED_EDGE('',*,*,#811,.T.);
#1154=ORIENTED_EDGE('',*,*,#853,.F.);
#1155=ORIENTED_EDGE('',*,*,#820,.T.);
#1156=ORIENTED_EDGE('',*,*,#851,.T.);
#1157=ORIENTED_EDGE('',*,*,#731,.T.);
#1158=ORIENTED_EDGE('',*,*,#850,.F.);
#1159=ORIENTED_EDGE('',*,*,#847,.F.);
#1160=ORIENTED_EDGE('',*,*,#853,.T.);
#1161=ORIENTED_EDGE('',*,*,#810,.T.);
#1162=ORIENTED_EDGE('',*,*,#854,.F.);
#1163=ORIENTED_EDGE('',*,*,#822,.T.);
#1164=ORIENTED_EDGE('',*,*,#795,.T.);
#1165=ORIENTED_EDGE('',*,*,#814,.T.);
#1166=ORIENTED_EDGE('',*,*,#855,.T.);
#1167=ORIENTED_EDGE('',*,*,#845,.F.);
#1168=ORIENTED_EDGE('',*,*,#846,.T.);
#1169=ORIENTED_EDGE('',*,*,#734,.T.);
#1170=ORIENTED_EDGE('',*,*,#856,.F.);
#1171=ORIENTED_EDGE('',*,*,#857,.F.);
#1172=ORIENTED_EDGE('',*,*,#858,.F.);
#1173=ORIENTED_EDGE('',*,*,#859,.T.);
#1174=ORIENTED_EDGE('',*,*,#817,.T.);
#1175=ORIENTED_EDGE('',*,*,#860,.F.);
#1176=ORIENTED_EDGE('',*,*,#861,.F.);
#1177=ORIENTED_EDGE('',*,*,#862,.T.);
#1178=ORIENTED_EDGE('',*,*,#818,.T.);
#1179=ORIENTED_EDGE('',*,*,#859,.F.);
#1180=ORIENTED_EDGE('',*,*,#863,.F.);
#1181=ORIENTED_EDGE('',*,*,#864,.F.);
#1182=ORIENTED_EDGE('',*,*,#815,.T.);
#1183=ORIENTED_EDGE('',*,*,#862,.F.);
#1184=ORIENTED_EDGE('',*,*,#865,.F.);
#1185=ORIENTED_EDGE('',*,*,#866,.F.);
#1186=ORIENTED_EDGE('',*,*,#860,.T.);
#1187=ORIENTED_EDGE('',*,*,#816,.T.);
#1188=ORIENTED_EDGE('',*,*,#864,.T.);
#1189=ORIENTED_EDGE('',*,*,#716,.T.);
#1190=ORIENTED_EDGE('',*,*,#725,.T.);
#1191=ORIENTED_EDGE('',*,*,#821,.T.);
#1192=ORIENTED_EDGE('',*,*,#854,.T.);
#1193=ORIENTED_EDGE('',*,*,#809,.T.);
#1194=ORIENTED_EDGE('',*,*,#720,.T.);
#1195=ORIENTED_EDGE('',*,*,#843,.T.);
#1196=ORIENTED_EDGE('',*,*,#855,.F.);
#1197=ORIENTED_EDGE('',*,*,#813,.T.);
#1198=ORIENTED_EDGE('',*,*,#786,.F.);
#1199=ORIENTED_EDGE('',*,*,#857,.T.);
#1200=ORIENTED_EDGE('',*,*,#866,.T.);
#1201=ORIENTED_EDGE('',*,*,#863,.T.);
#1202=ORIENTED_EDGE('',*,*,#867,.F.);
#1203=ORIENTED_EDGE('',*,*,#831,.T.);
#1204=ORIENTED_EDGE('',*,*,#858,.T.);
#1205=ORIENTED_EDGE('',*,*,#867,.T.);
#1206=ORIENTED_EDGE('',*,*,#865,.T.);
#1207=ORIENTED_EDGE('',*,*,#861,.T.);
#1208=ORIENTED_EDGE('',*,*,#868,.F.);
#1209=ORIENTED_EDGE('',*,*,#869,.T.);
#1210=ORIENTED_EDGE('',*,*,#852,.F.);
#1211=ORIENTED_EDGE('',*,*,#869,.F.);
#1212=ORIENTED_EDGE('',*,*,#870,.F.);
#1213=ORIENTED_EDGE('',*,*,#871,.T.);
#1214=ORIENTED_EDGE('',*,*,#872,.F.);
#1215=ORIENTED_EDGE('',*,*,#871,.F.);
#1216=ORIENTED_EDGE('',*,*,#708,.T.);
#1217=ORIENTED_EDGE('',*,*,#774,.F.);
#1218=ORIENTED_EDGE('',*,*,#823,.F.);
#1219=ORIENTED_EDGE('',*,*,#856,.T.);
#1220=ORIENTED_EDGE('',*,*,#733,.F.);
#1221=ORIENTED_EDGE('',*,*,#870,.T.);
#1222=ORIENTED_EDGE('',*,*,#710,.T.);
#1223=ORIENTED_EDGE('',*,*,#739,.T.);
#1224=ORIENTED_EDGE('',*,*,#829,.T.);
#1225=ORIENTED_EDGE('',*,*,#789,.T.);
#1226=ORIENTED_EDGE('',*,*,#824,.T.);
#1227=ORIENTED_EDGE('',*,*,#772,.T.);
#1228=ORIENTED_EDGE('',*,*,#872,.T.);
#1229=ORIENTED_EDGE('',*,*,#714,.T.);
#1230=ORIENTED_EDGE('',*,*,#742,.F.);
#1231=ORIENTED_EDGE('',*,*,#826,.F.);
#1232=ORIENTED_EDGE('',*,*,#828,.F.);
#1233=ORIENTED_EDGE('',*,*,#830,.T.);
#1234=ORIENTED_EDGE('',*,*,#726,.T.);
#1235=ORIENTED_EDGE('',*,*,#868,.T.);
#1236=ORIENTED_EDGE('',*,*,#873,.F.);
#1237=ORIENTED_EDGE('',*,*,#874,.T.);
#1238=ORIENTED_EDGE('',*,*,#875,.T.);
#1239=ORIENTED_EDGE('',*,*,#876,.F.);
#1240=ORIENTED_EDGE('',*,*,#877,.F.);
#1241=ORIENTED_EDGE('',*,*,#878,.T.);
#1242=ORIENTED_EDGE('',*,*,#879,.T.);
#1243=ORIENTED_EDGE('',*,*,#874,.F.);
#1244=ORIENTED_EDGE('',*,*,#880,.F.);
#1245=ORIENTED_EDGE('',*,*,#881,.T.);
#1246=ORIENTED_EDGE('',*,*,#882,.T.);
#1247=ORIENTED_EDGE('',*,*,#878,.F.);
#1248=ORIENTED_EDGE('',*,*,#883,.F.);
#1249=ORIENTED_EDGE('',*,*,#884,.T.);
#1250=ORIENTED_EDGE('',*,*,#885,.T.);
#1251=ORIENTED_EDGE('',*,*,#881,.F.);
#1252=ORIENTED_EDGE('',*,*,#886,.F.);
#1253=ORIENTED_EDGE('',*,*,#887,.T.);
#1254=ORIENTED_EDGE('',*,*,#888,.T.);
#1255=ORIENTED_EDGE('',*,*,#884,.F.);
#1256=ORIENTED_EDGE('',*,*,#889,.F.);
#1257=ORIENTED_EDGE('',*,*,#876,.T.);
#1258=ORIENTED_EDGE('',*,*,#890,.T.);
#1259=ORIENTED_EDGE('',*,*,#887,.F.);
#1260=ORIENTED_EDGE('',*,*,#890,.F.);
#1261=ORIENTED_EDGE('',*,*,#875,.F.);
#1262=ORIENTED_EDGE('',*,*,#879,.F.);
#1263=ORIENTED_EDGE('',*,*,#882,.F.);
#1264=ORIENTED_EDGE('',*,*,#885,.F.);
#1265=ORIENTED_EDGE('',*,*,#888,.F.);
#1266=ORIENTED_EDGE('',*,*,#891,.F.);
#1267=ORIENTED_EDGE('',*,*,#891,.T.);
#1268=ORIENTED_EDGE('',*,*,#892,.T.);
#1269=ORIENTED_EDGE('',*,*,#893,.T.);
#1270=ORIENTED_EDGE('',*,*,#892,.F.);
#1271=ORIENTED_EDGE('',*,*,#894,.F.);
#1272=ORIENTED_EDGE('',*,*,#895,.T.);
#1273=ORIENTED_EDGE('',*,*,#896,.F.);
#1274=ORIENTED_EDGE('',*,*,#897,.F.);
#1275=ORIENTED_EDGE('',*,*,#898,.T.);
#1276=ORIENTED_EDGE('',*,*,#897,.T.);
#1277=ORIENTED_EDGE('',*,*,#899,.F.);
#1278=ORIENTED_EDGE('',*,*,#900,.F.);
#1279=ORIENTED_EDGE('',*,*,#901,.T.);
#1280=ORIENTED_EDGE('',*,*,#900,.T.);
#1281=ORIENTED_EDGE('',*,*,#902,.F.);
#1282=ORIENTED_EDGE('',*,*,#903,.F.);
#1283=ORIENTED_EDGE('',*,*,#904,.F.);
#1284=ORIENTED_EDGE('',*,*,#903,.T.);
#1285=ORIENTED_EDGE('',*,*,#905,.F.);
#1286=ORIENTED_EDGE('',*,*,#895,.F.);
#1287=ORIENTED_EDGE('',*,*,#905,.T.);
#1288=ORIENTED_EDGE('',*,*,#902,.T.);
#1289=ORIENTED_EDGE('',*,*,#899,.T.);
#1290=ORIENTED_EDGE('',*,*,#896,.T.);
#1291=ORIENTED_EDGE('',*,*,#873,.T.);
#1292=ORIENTED_EDGE('',*,*,#889,.T.);
#1293=ORIENTED_EDGE('',*,*,#886,.T.);
#1294=ORIENTED_EDGE('',*,*,#883,.T.);
#1295=ORIENTED_EDGE('',*,*,#880,.T.);
#1296=ORIENTED_EDGE('',*,*,#877,.T.);
#1297=ORIENTED_EDGE('',*,*,#904,.T.);
#1298=ORIENTED_EDGE('',*,*,#894,.T.);
#1299=ORIENTED_EDGE('',*,*,#898,.F.);
#1300=ORIENTED_EDGE('',*,*,#901,.F.);
#1301=ORIENTED_EDGE('',*,*,#893,.F.);
#1302=PLANE('',#1456);
#1303=PLANE('',#1457);
#1304=PLANE('',#1458);
#1305=PLANE('',#1462);
#1306=PLANE('',#1463);
#1307=PLANE('',#1464);
#1308=PLANE('',#1465);
#1309=PLANE('',#1466);
#1310=PLANE('',#1467);
#1311=PLANE('',#1468);
#1312=PLANE('',#1469);
#1313=PLANE('',#1471);
#1314=PLANE('',#1472);
#1315=PLANE('',#1473);
#1316=PLANE('',#1474);
#1317=PLANE('',#1475);
#1318=PLANE('',#1476);
#1319=PLANE('',#1477);
#1320=PLANE('',#1478);
#1321=PLANE('',#1479);
#1322=PLANE('',#1480);
#1323=PLANE('',#1481);
#1324=PLANE('',#1482);
#1325=PLANE('',#1483);
#1326=PLANE('',#1484);
#1327=PLANE('',#1485);
#1328=PLANE('',#1488);
#1329=PLANE('',#1489);
#1330=PLANE('',#1490);
#1331=PLANE('',#1491);
#1332=PLANE('',#1492);
#1333=PLANE('',#1493);
#1334=PLANE('',#1494);
#1335=PLANE('',#1495);
#1336=PLANE('',#1496);
#1337=PLANE('',#1497);
#1338=PLANE('',#1498);
#1339=PLANE('',#1499);
#1340=PLANE('',#1500);
#1341=PLANE('',#1502);
#1342=PLANE('',#1503);
#1343=PLANE('',#1504);
#1344=PLANE('',#1505);
#1345=PLANE('',#1506);
#1346=PLANE('',#1507);
#1347=PLANE('',#1508);
#1348=PLANE('',#1509);
#1349=PLANE('',#1510);
#1350=PLANE('',#1511);
#1351=PLANE('',#1512);
#1352=PLANE('',#1513);
#1353=PLANE('',#1519);
#1354=PLANE('',#1520);
#1355=PLANE('',#1521);
#1356=PLANE('',#1522);
#1357=PLANE('',#1523);
#1358=PLANE('',#1524);
#1359=PLANE('',#1525);
#1360=PLANE('',#1526);
#1361=PLANE('',#1527);
#1362=PLANE('',#1528);
#1363=PLANE('',#1532);
#1364=PLANE('',#1533);
#1365=PLANE('',#1534);
#1366=PLANE('',#1535);
#1367=PLANE('',#1536);
#1368=PLANE('',#1537);
#1369=ADVANCED_FACE('',(#44),#1302,.F.);
#1370=ADVANCED_FACE('',(#45),#1303,.F.);
#1371=ADVANCED_FACE('',(#46),#1304,.F.);
#1372=ADVANCED_FACE('',(#47),#39,.F.);
#1373=ADVANCED_FACE('',(#48),#1305,.T.);
#1374=ADVANCED_FACE('',(#49),#1306,.T.);
#1375=ADVANCED_FACE('',(#50),#1307,.T.);
#1376=ADVANCED_FACE('',(#51),#1308,.T.);
#1377=ADVANCED_FACE('',(#52),#1309,.T.);
#1378=ADVANCED_FACE('',(#53),#1310,.T.);
#1379=ADVANCED_FACE('',(#54),#1311,.T.);
#1380=ADVANCED_FACE('',(#55,#17),#1312,.T.);
#1381=ADVANCED_FACE('',(#56),#1313,.T.);
#1382=ADVANCED_FACE('',(#57),#1314,.T.);
#1383=ADVANCED_FACE('',(#58),#1315,.T.);
#1384=ADVANCED_FACE('',(#59),#1316,.T.);
#1385=ADVANCED_FACE('',(#60),#1317,.T.);
#1386=ADVANCED_FACE('',(#61,#18),#1318,.T.);
#1387=ADVANCED_FACE('',(#62),#1319,.F.);
#1388=ADVANCED_FACE('',(#63),#1320,.T.);
#1389=ADVANCED_FACE('',(#64),#1321,.F.);
#1390=ADVANCED_FACE('',(#65),#1322,.T.);
#1391=ADVANCED_FACE('',(#66,#19),#1323,.T.);
#1392=ADVANCED_FACE('',(#67),#1324,.T.);
#1393=ADVANCED_FACE('',(#68),#1325,.T.);
#1394=ADVANCED_FACE('',(#69),#1326,.T.);
#1395=ADVANCED_FACE('',(#70),#1327,.T.);
#1396=ADVANCED_FACE('',(#71),#40,.F.);
#1397=ADVANCED_FACE('',(#72),#1328,.T.);
#1398=ADVANCED_FACE('',(#73),#1329,.T.);
#1399=ADVANCED_FACE('',(#74),#1330,.T.);
#1400=ADVANCED_FACE('',(#75),#1331,.T.);
#1401=ADVANCED_FACE('',(#76),#1332,.T.);
#1402=ADVANCED_FACE('',(#77),#1333,.T.);
#1403=ADVANCED_FACE('',(#78),#1334,.T.);
#1404=ADVANCED_FACE('',(#79),#1335,.T.);
#1405=ADVANCED_FACE('',(#80),#1336,.T.);
#1406=ADVANCED_FACE('',(#81),#1337,.T.);
#1407=ADVANCED_FACE('',(#82),#1338,.T.);
#1408=ADVANCED_FACE('',(#83),#1339,.T.);
#1409=ADVANCED_FACE('',(#84,#20),#1340,.T.);
#1410=ADVANCED_FACE('',(#85),#1341,.T.);
#1411=ADVANCED_FACE('',(#86),#1342,.T.);
#1412=ADVANCED_FACE('',(#87),#1343,.T.);
#1413=ADVANCED_FACE('',(#88),#1344,.T.);
#1414=ADVANCED_FACE('',(#89),#1345,.T.);
#1415=ADVANCED_FACE('',(#90),#1346,.T.);
#1416=ADVANCED_FACE('',(#91),#1347,.T.);
#1417=ADVANCED_FACE('',(#92),#1348,.T.);
#1418=ADVANCED_FACE('',(#93,#21),#1349,.T.);
#1419=ADVANCED_FACE('',(#94),#1350,.T.);
#1420=ADVANCED_FACE('',(#95,#22),#1351,.F.);
#1421=ADVANCED_FACE('',(#96),#1352,.F.);
#1422=ADVANCED_FACE('',(#97),#41,.F.);
#1423=ADVANCED_FACE('',(#98),#42,.F.);
#1424=ADVANCED_FACE('',(#99,#23),#1353,.F.);
#1425=ADVANCED_FACE('',(#100,#24),#1354,.T.);
#1426=ADVANCED_FACE('',(#101,#25),#1355,.F.);
#1427=ADVANCED_FACE('',(#102),#1356,.F.);
#1428=ADVANCED_FACE('',(#103),#1357,.F.);
#1429=ADVANCED_FACE('',(#104),#1358,.F.);
#1430=ADVANCED_FACE('',(#105),#1359,.F.);
#1431=ADVANCED_FACE('',(#106),#1360,.F.);
#1432=ADVANCED_FACE('',(#107),#1361,.F.);
#1433=ADVANCED_FACE('',(#108,#26),#1362,.T.);
#1434=ADVANCED_FACE('',(#109),#43,.F.);
#1435=ADVANCED_FACE('',(#110),#1363,.T.);
#1436=ADVANCED_FACE('',(#111),#1364,.T.);
#1437=ADVANCED_FACE('',(#112),#1365,.T.);
#1438=ADVANCED_FACE('',(#113),#1366,.T.);
#1439=ADVANCED_FACE('',(#114,#27),#1367,.T.);
#1440=ADVANCED_FACE('',(#115,#28),#1368,.F.);
#1441=CLOSED_SHELL('',(#1369,#1370,#1371,#1372,#1373,#1374,#1375,#1376,
#1377,#1378,#1379,#1380,#1381,#1382,#1383,#1384,#1385,#1386,#1387,#1388,
#1389,#1390,#1391,#1392,#1393,#1394,#1395,#1396,#1397,#1398,#1399,#1400,
#1401,#1402,#1403,#1404,#1405,#1406,#1407,#1408,#1409,#1410,#1411,#1412,
#1413,#1414,#1415,#1416,#1417,#1418,#1419,#1420,#1421,#1422,#1423,#1424,
#1425,#1426));
#1442=CLOSED_SHELL('',(#1427,#1428,#1429,#1430,#1431,#1432,#1433,#1434,
#1435,#1436,#1437,#1438,#1439,#1440));
#1443=DERIVED_UNIT_ELEMENT(#1445,1.);
#1444=DERIVED_UNIT_ELEMENT(#2300,-3.);
#1445=(
MASS_UNIT()
NAMED_UNIT(*)
SI_UNIT(.KILO.,.GRAM.)
);
#1446=DERIVED_UNIT((#1443,#1444));
#1447=MEASURE_REPRESENTATION_ITEM('density measure',
POSITIVE_RATIO_MEASURE(7850.),#1446);
#1448=PROPERTY_DEFINITION_REPRESENTATION(#1453,#1450);
#1449=PROPERTY_DEFINITION_REPRESENTATION(#1454,#1451);
#1450=REPRESENTATION('material name',(#1452),#2297);
#1451=REPRESENTATION('density',(#1447),#2297);
#1452=DESCRIPTIVE_REPRESENTATION_ITEM('Steel','Steel');
#1453=PROPERTY_DEFINITION('material property','material name',#2307);
#1454=PROPERTY_DEFINITION('material property','density of part',#2307);
#1455=AXIS2_PLACEMENT_3D('',#1892,#1538,#1539);
#1456=AXIS2_PLACEMENT_3D('',#1893,#1540,#1541);
#1457=AXIS2_PLACEMENT_3D('',#1902,#1546,#1547);
#1458=AXIS2_PLACEMENT_3D('',#1911,#1552,#1553);
#1459=AXIS2_PLACEMENT_3D('',#1920,#1558,#1559);
#1460=AXIS2_PLACEMENT_3D('',#1922,#1560,#1561);
#1461=AXIS2_PLACEMENT_3D('',#1925,#1563,#1564);
#1462=AXIS2_PLACEMENT_3D('',#1926,#1565,#1566);
#1463=AXIS2_PLACEMENT_3D('',#1932,#1570,#1571);
#1464=AXIS2_PLACEMENT_3D('',#1946,#1579,#1580);
#1465=AXIS2_PLACEMENT_3D('',#1960,#1588,#1589);
#1466=AXIS2_PLACEMENT_3D('',#1966,#1593,#1594);
#1467=AXIS2_PLACEMENT_3D('',#1974,#1599,#1600);
#1468=AXIS2_PLACEMENT_3D('',#1986,#1607,#1608);
#1469=AXIS2_PLACEMENT_3D('',#2002,#1617,#1618);
#1470=AXIS2_PLACEMENT_3D('',#2014,#1625,#1626);
#1471=AXIS2_PLACEMENT_3D('',#2015,#1627,#1628);
#1472=AXIS2_PLACEMENT_3D('',#2023,#1633,#1634);
#1473=AXIS2_PLACEMENT_3D('',#2029,#1638,#1639);
#1474=AXIS2_PLACEMENT_3D('',#2045,#1648,#1649);
#1475=AXIS2_PLACEMENT_3D('',#2054,#1655,#1656);
#1476=AXIS2_PLACEMENT_3D('',#2065,#1663,#1664);
#1477=AXIS2_PLACEMENT_3D('',#2071,#1668,#1669);
#1478=AXIS2_PLACEMENT_3D('',#2081,#1675,#1676);
#1479=AXIS2_PLACEMENT_3D('',#2087,#1680,#1681);
#1480=AXIS2_PLACEMENT_3D('',#2091,#1684,#1685);
#1481=AXIS2_PLACEMENT_3D('',#2095,#1688,#1689);
#1482=AXIS2_PLACEMENT_3D('',#2113,#1700,#1701);
#1483=AXIS2_PLACEMENT_3D('',#2126,#1710,#1711);
#1484=AXIS2_PLACEMENT_3D('',#2130,#1714,#1715);
#1485=AXIS2_PLACEMENT_3D('',#2132,#1717,#1718);
#1486=AXIS2_PLACEMENT_3D('',#2134,#1720,#1721);
#1487=AXIS2_PLACEMENT_3D('',#2136,#1722,#1723);
#1488=AXIS2_PLACEMENT_3D('',#2138,#1725,#1726);
#1489=AXIS2_PLACEMENT_3D('',#2142,#1729,#1730);
#1490=AXIS2_PLACEMENT_3D('',#2146,#1733,#1734);
#1491=AXIS2_PLACEMENT_3D('',#2148,#1736,#1737);
#1492=AXIS2_PLACEMENT_3D('',#2149,#1738,#1739);
#1493=AXIS2_PLACEMENT_3D('',#2153,#1742,#1743);
#1494=AXIS2_PLACEMENT_3D('',#2157,#1746,#1747);
#1495=AXIS2_PLACEMENT_3D('',#2159,#1749,#1750);
#1496=AXIS2_PLACEMENT_3D('',#2160,#1751,#1752);
#1497=AXIS2_PLACEMENT_3D('',#2166,#1756,#1757);
#1498=AXIS2_PLACEMENT_3D('',#2168,#1759,#1760);
#1499=AXIS2_PLACEMENT_3D('',#2174,#1764,#1765);
#1500=AXIS2_PLACEMENT_3D('',#2176,#1767,#1768);
#1501=AXIS2_PLACEMENT_3D('',#2179,#1770,#1771);
#1502=AXIS2_PLACEMENT_3D('',#2180,#1772,#1773);
#1503=AXIS2_PLACEMENT_3D('',#2181,#1774,#1775);
#1504=AXIS2_PLACEMENT_3D('',#2183,#1777,#1778);
#1505=AXIS2_PLACEMENT_3D('',#2185,#1780,#1781);
#1506=AXIS2_PLACEMENT_3D('',#2188,#1784,#1785);
#1507=AXIS2_PLACEMENT_3D('',#2196,#1790,#1791);
#1508=AXIS2_PLACEMENT_3D('',#2200,#1794,#1795);
#1509=AXIS2_PLACEMENT_3D('',#2206,#1799,#1800);
#1510=AXIS2_PLACEMENT_3D('',#2208,#1802,#1803);
#1511=AXIS2_PLACEMENT_3D('',#2209,#1804,#1805);
#1512=AXIS2_PLACEMENT_3D('',#2210,#1806,#1807);
#1513=AXIS2_PLACEMENT_3D('',#2212,#1809,#1810);
#1514=AXIS2_PLACEMENT_3D('',#2213,#1811,#1812);
#1515=AXIS2_PLACEMENT_3D('',#2215,#1813,#1814);
#1516=AXIS2_PLACEMENT_3D('',#2217,#1816,#1817);
#1517=AXIS2_PLACEMENT_3D('',#2219,#1818,#1819);
#1518=AXIS2_PLACEMENT_3D('',#2222,#1821,#1822);
#1519=AXIS2_PLACEMENT_3D('',#2223,#1823,#1824);
#1520=AXIS2_PLACEMENT_3D('',#2224,#1825,#1826);
#1521=AXIS2_PLACEMENT_3D('',#2225,#1827,#1828);
#1522=AXIS2_PLACEMENT_3D('',#2226,#1829,#1830);
#1523=AXIS2_PLACEMENT_3D('',#2235,#1835,#1836);
#1524=AXIS2_PLACEMENT_3D('',#2241,#1840,#1841);
#1525=AXIS2_PLACEMENT_3D('',#2247,#1845,#1846);
#1526=AXIS2_PLACEMENT_3D('',#2253,#1850,#1851);
#1527=AXIS2_PLACEMENT_3D('',#2259,#1855,#1856);
#1528=AXIS2_PLACEMENT_3D('',#2262,#1859,#1860);
#1529=AXIS2_PLACEMENT_3D('',#2264,#1861,#1862);
#1530=AXIS2_PLACEMENT_3D('',#2265,#1863,#1864);
#1531=AXIS2_PLACEMENT_3D('',#2268,#1866,#1867);
#1532=AXIS2_PLACEMENT_3D('',#2269,#1868,#1869);
#1533=AXIS2_PLACEMENT_3D('',#2278,#1874,#1875);
#1534=AXIS2_PLACEMENT_3D('',#2284,#1879,#1880);
#1535=AXIS2_PLACEMENT_3D('',#2290,#1884,#1885);
#1536=AXIS2_PLACEMENT_3D('',#2293,#1888,#1889);
#1537=AXIS2_PLACEMENT_3D('',#2294,#1890,#1891);
#1538=DIRECTION('axis',(0.,0.,1.));
#1539=DIRECTION('refdir',(1.,0.,0.));
#1540=DIRECTION('center_axis',(0.,-0.463404583382486,0.886146823105576));
#1541=DIRECTION('ref_axis',(0.,-0.886146823105576,-0.463404583382485));
#1542=DIRECTION('',(0.,-0.886146823105576,-0.463404583382485));
#1543=DIRECTION('',(-1.,0.,0.));
#1544=DIRECTION('',(0.,0.886146823105576,0.463404583382485));
#1545=DIRECTION('',(1.,0.,0.));
#1546=DIRECTION('center_axis',(0.,-0.463404583382486,0.886146823105576));
#1547=DIRECTION('ref_axis',(0.,-0.886146823105576,-0.463404583382485));
#1548=DIRECTION('',(0.,0.886146823105576,0.463404583382485));
#1549=DIRECTION('',(1.,0.,0.));
#1550=DIRECTION('',(0.,-0.886146823105576,-0.463404583382485));
#1551=DIRECTION('',(-1.,0.,0.));
#1552=DIRECTION('center_axis',(0.,-0.463404583382486,0.886146823105576));
#1553=DIRECTION('ref_axis',(0.,-0.886146823105576,-0.463404583382485));
#1554=DIRECTION('',(4.89500796999058E-16,-0.886146823105576,-0.463404583382485));
#1555=DIRECTION('',(-1.,0.,0.));
#1556=DIRECTION('',(-2.61067091732832E-15,0.886146823105576,0.463404583382485));
#1557=DIRECTION('',(1.,0.,0.));
#1558=DIRECTION('center_axis',(1.,0.,0.));
#1559=DIRECTION('ref_axis',(0.,0.,1.));
#1560=DIRECTION('center_axis',(1.,-2.96147535053436E-31,1.0563141033826E-15));
#1561=DIRECTION('ref_axis',(0.,0.,1.));
#1562=DIRECTION('',(1.,0.,0.));
#1563=DIRECTION('center_axis',(-1.,1.579453520285E-30,-5.63367521804056E-15));
#1564=DIRECTION('ref_axis',(0.,0.,1.));
#1565=DIRECTION('center_axis',(0.,-0.258819045102554,-0.965925826289059));
#1566=DIRECTION('ref_axis',(0.,0.965925826289059,-0.258819045102554));
#1567=DIRECTION('',(1.45810244035118E-15,0.965925826289059,-0.258819045102554));
#1568=DIRECTION('',(1.,0.,0.));
#1569=DIRECTION('',(-2.73394207565846E-16,-0.965925826289059,0.258819045102554));
#1570=DIRECTION('center_axis',(0.,1.,2.04366128100518E-14));
#1571=DIRECTION('ref_axis',(0.,-2.04366128100518E-14,1.));
#1572=DIRECTION('',(0.,2.04366128100518E-14,-1.));
#1573=DIRECTION('',(1.,0.,0.));
#1574=DIRECTION('',(6.23813432153242E-15,-2.04366128100518E-14,1.));
#1575=DIRECTION('',(-1.,1.91297031453795E-25,-9.3605057370224E-12));
#1576=DIRECTION('',(-9.30644450375371E-12,-2.04366128100518E-14,1.));
#1577=DIRECTION('',(1.,6.87551457183867E-30,-3.36431219583361E-16));
#1578=DIRECTION('',(0.,2.04366128100518E-14,-1.));
#1579=DIRECTION('center_axis',(0.,1.,2.04366128100518E-14));
#1580=DIRECTION('ref_axis',(0.,-2.04366128100518E-14,1.));
#1581=DIRECTION('',(0.,-2.04366128100518E-14,1.));
#1582=DIRECTION('',(1.,8.59439321479836E-29,-4.20539024479203E-15));
#1583=DIRECTION('',(-9.28146448570007E-12,2.04366128100518E-14,-1.));
#1584=DIRECTION('',(-1.,-1.91330895928553E-25,9.36216278631293E-12));
#1585=DIRECTION('',(0.,2.04366128100518E-14,-1.));
#1586=DIRECTION('',(1.,0.,0.));
#1587=DIRECTION('',(0.,-2.04366128100518E-14,1.));
#1588=DIRECTION('center_axis',(0.,-0.258819045102554,-0.965925826289059));
#1589=DIRECTION('ref_axis',(0.,0.965925826289059,-0.258819045102554));
#1590=DIRECTION('',(0.,-0.965925826289059,0.258819045102554));
#1591=DIRECTION('',(1.,0.,0.));
#1592=DIRECTION('',(0.,0.965925826289059,-0.258819045102554));
#1593=DIRECTION('center_axis',(1.,1.16594618762113E-30,-6.23813432153242E-15));
#1594=DIRECTION('ref_axis',(-6.23813432153242E-15,2.64338815386941E-16,
-1.));
#1595=DIRECTION('',(-6.04186459386893E-15,0.248869171647533,-0.968537111009935));
#1596=DIRECTION('',(0.,-1.,0.));
#1597=DIRECTION('',(0.,1.,1.86906233101872E-16));
#1598=DIRECTION('',(6.23813432153242E-15,4.44089209850061E-16,1.));
#1599=DIRECTION('center_axis',(-9.3605057370224E-12,-2.80359349652809E-16,
1.));
#1600=DIRECTION('ref_axis',(1.,-2.47434499794717E-27,9.3605057370224E-12));
#1601=DIRECTION('',(1.,-2.40521636444641E-12,9.3605057370224E-12));
#1602=DIRECTION('',(0.,1.,2.80359349652809E-16));
#1603=DIRECTION('',(-1.,1.91297031453795E-25,-9.3605057370224E-12));
#1604=DIRECTION('',(0.,1.,2.80359349652809E-16));
#1605=DIRECTION('',(1.,-2.47434499794717E-27,9.3605057370224E-12));
#1606=DIRECTION('',(0.,1.,1.86906233101872E-16));
#1607=DIRECTION('center_axis',(-0.99999999994029,3.06374038142526E-21,-1.09279051517966E-5));
#1608=DIRECTION('ref_axis',(-1.09279051517966E-5,-2.64338815371157E-16,
0.99999999994029));
#1609=DIRECTION('',(-1.05840816851508E-5,-0.248869171633594,0.968537110955686));
#1610=DIRECTION('',(-1.09279051517966E-5,4.44089209823545E-16,0.99999999994029));
#1611=DIRECTION('',(-1.26926392689498E-21,1.,3.96508228068954E-16));
#1612=DIRECTION('',(-1.09279051517966E-5,-3.96508223056738E-16,0.99999999994029));
#1613=DIRECTION('',(1.26926387238067E-21,-1.,-3.96508223080413E-16));
#1614=DIRECTION('',(1.09279051517966E-5,-4.44089209823545E-16,-0.99999999994029));
#1615=DIRECTION('',(-1.7156946137016E-22,1.,2.96059473233375E-16));
#1616=DIRECTION('',(1.09279051517966E-5,2.04366128088315E-14,-0.99999999994029));
#1617=DIRECTION('center_axis',(0.,-1.,4.44089209850061E-16));
#1618=DIRECTION('ref_axis',(0.,-4.44089209850061E-16,-1.));
#1619=DIRECTION('',(1.,0.,0.));
#1620=DIRECTION('',(2.19846143491168E-16,4.44089209850061E-16,1.));
#1621=DIRECTION('',(-1.,0.,0.));
#1622=DIRECTION('',(-1.,2.95822839578005E-31,6.66133815045594E-16));
#1623=DIRECTION('',(0.,-4.44089209850061E-16,-1.));
#1624=DIRECTION('',(0.999992276605859,-1.74537390918902E-18,-0.00393023264352294));
#1625=DIRECTION('center_axis',(0.,1.,-4.44089209850061E-16));
#1626=DIRECTION('ref_axis',(-1.,0.,0.));
#1627=DIRECTION('center_axis',(1.,6.16359218128619E-32,-2.19846143491168E-16));
#1628=DIRECTION('ref_axis',(-2.19846143491168E-16,2.64338815386941E-16,
-1.));
#1629=DIRECTION('',(-2.12929148683612E-16,0.248869171647533,-0.968537111009935));
#1630=DIRECTION('',(0.,1.,2.80359349652809E-16));
#1631=DIRECTION('',(2.19846143491168E-16,-2.04366128100518E-14,1.));
#1632=DIRECTION('',(-3.4516116215223E-33,-1.,-2.96059473233375E-16));
#1633=DIRECTION('center_axis',(0.,-0.258819045102554,-0.965925826289059));
#1634=DIRECTION('ref_axis',(0.,0.965925826289059,-0.258819045102554));
#1635=DIRECTION('',(0.,0.965925826289059,-0.258819045102554));
#1636=DIRECTION('',(1.,0.,0.));
#1637=DIRECTION('',(0.,0.965925826289059,-0.258819045102554));
#1638=DIRECTION('center_axis',(-1.,0.,0.));
#1639=DIRECTION('ref_axis',(0.,-2.64338815386941E-16,1.));
#1640=DIRECTION('',(0.,-0.248869171647533,0.968537111009935));
#1641=DIRECTION('',(0.,4.44089209850061E-16,1.));
#1642=DIRECTION('',(0.,1.,3.96508223080413E-16));
#1643=DIRECTION('',(0.,-3.96508223080413E-16,1.));
#1644=DIRECTION('',(0.,-1.,-3.96508223080413E-16));
#1645=DIRECTION('',(0.,-4.44089209850061E-16,-1.));
#1646=DIRECTION('',(0.,-1.,2.95725888983947E-15));
#1647=DIRECTION('',(0.,1.,1.86906233101872E-16));
#1648=DIRECTION('center_axis',(9.36216278631293E-12,-2.80359349652809E-16,
1.));
#1649=DIRECTION('ref_axis',(1.,2.47478302039366E-27,-9.36216278631293E-12));
#1650=DIRECTION('',(1.,2.40564214935401E-12,-9.36216278631293E-12));
#1651=DIRECTION('',(0.,1.,1.86906233101872E-16));
#1652=DIRECTION('',(1.,2.47478302039366E-27,-9.36216278631293E-12));
#1653=DIRECTION('',(0.,1.,2.80359349652809E-16));
#1654=DIRECTION('',(-1.,-1.91330895928553E-25,9.36216278631293E-12));
#1655=DIRECTION('center_axis',(0.,-1.,4.44089209850061E-16));
#1656=DIRECTION('ref_axis',(0.,-4.44089209850061E-16,-1.));
#1657=DIRECTION('',(1.,0.,0.));
#1658=DIRECTION('',(0.,-4.44089209850061E-16,-1.));
#1659=DIRECTION('',(1.,0.,0.));
#1660=DIRECTION('',(-1.,2.95822839457879E-31,6.66133814775094E-16));
#1661=DIRECTION('',(0.0145907295412642,-4.44041936393751E-16,-0.999893549639887));
#1662=DIRECTION('',(0.999992276605859,-1.74537390918906E-18,-0.00393023264352303));
#1663=DIRECTION('center_axis',(1.,-1.579453520285E-30,5.63367521804056E-15));
#1664=DIRECTION('ref_axis',(5.63367521804056E-15,2.64338815386941E-16,-1.));
#1665=DIRECTION('',(5.63367521804056E-15,2.04366128100518E-14,-1.));
#1666=DIRECTION('',(0.,1.,2.80359349652809E-16));
#1667=DIRECTION('',(5.45642352004927E-15,0.248869171647533,-0.968537111009935));
#1668=DIRECTION('center_axis',(0.,2.96059473233375E-16,-1.));
#1669=DIRECTION('ref_axis',(-1.,0.,0.));
#1670=DIRECTION('',(1.,0.,0.));
#1671=DIRECTION('',(-3.45161162152424E-33,1.,2.96059473233375E-16));
#1672=DIRECTION('',(1.,0.,0.));
#1673=DIRECTION('',(1.72580581076212E-32,-1.,-2.96059473233375E-16));
#1674=DIRECTION('',(1.,0.,0.));
#1675=DIRECTION('center_axis',(1.,-3.08179609064482E-31,1.09923071745645E-15));
#1676=DIRECTION('ref_axis',(1.09923071745645E-15,2.64338815386941E-16,-1.));
#1677=DIRECTION('',(-1.09923071745645E-15,4.44089209850061E-16,1.));
#1678=DIRECTION('',(0.,1.,2.80359349652809E-16));
#1679=DIRECTION('',(-1.09923071745645E-15,-2.04366128100518E-14,1.));
#1680=DIRECTION('center_axis',(0.,-1.,4.44089209850061E-16));
#1681=DIRECTION('ref_axis',(0.,-4.44089209850061E-16,-1.));
#1682=DIRECTION('',(2.19846143491291E-16,-4.44089209850061E-16,-1.));
#1683=DIRECTION('',(-1.,1.43802769180913E-30,3.23815048849004E-15));
#1684=DIRECTION('center_axis',(-1.,6.16359218128964E-32,-2.19846143491291E-16));
#1685=DIRECTION('ref_axis',(-2.19846143491291E-16,-2.64338815386941E-16,
1.));
#1686=DIRECTION('',(2.19846143491291E-16,2.04366128100518E-14,-1.));
#1687=DIRECTION('',(0.,1.,2.80359349652809E-16));
#1688=DIRECTION('center_axis',(0.,1.,2.04366128100518E-14));
#1689=DIRECTION('ref_axis',(0.,-2.04366128100518E-14,1.));
#1690=DIRECTION('',(1.0563141033826E-15,2.04366128100518E-14,-1.));
#1691=DIRECTION('',(1.,6.87551457183867E-30,-3.36431219583361E-16));
#1692=DIRECTION('',(-9.30922006131522E-12,2.04366128100518E-14,-1.));
#1693=DIRECTION('',(-1.,-6.6176827753951E-29,3.23815048849004E-15));
#1694=DIRECTION('',(-8.58202398019878E-12,-2.04366128100518E-14,1.));
#1695=DIRECTION('',(1.,8.59439321479836E-29,-4.20539024479203E-15));
#1696=DIRECTION('',(2.19846143491291E-16,2.04366128100518E-14,-1.));
#1697=DIRECTION('',(1.,-4.06514799059985E-29,1.98914958578674E-15));
#1698=DIRECTION('',(-1.09923071745645E-15,-2.04366128100518E-14,1.));
#1699=DIRECTION('',(-1.,-1.02101391391811E-28,4.99600361081325E-15));
#1700=DIRECTION('center_axis',(0.,-0.968537111009935,-0.248869171647534));
#1701=DIRECTION('ref_axis',(0.,0.248869171647534,-0.968537111009935));
#1702=DIRECTION('',(0.,-0.248869171647534,0.968537111009934));
#1703=DIRECTION('',(-1.,-8.64472388123305E-17,3.36431219583361E-16));
#1704=DIRECTION('',(-1.02307941000924E-15,-0.248869171647533,0.968537111009935));
#1705=DIRECTION('',(-1.,-1.08059048515413E-15,4.20539024479203E-15));
#1706=DIRECTION('',(0.,0.248869171647534,-0.968537111009935));
#1707=DIRECTION('',(0.,0.248869171647534,-0.968537111009935));
#1708=DIRECTION('',(1.,0.,0.));
#1709=DIRECTION('',(0.,0.248869171647534,-0.968537111009935));
#1710=DIRECTION('center_axis',(0.,-1.,4.44089209850061E-16));
#1711=DIRECTION('ref_axis',(0.,-4.44089209850061E-16,-1.));
#1712=DIRECTION('',(1.,0.,0.));
#1713=DIRECTION('',(0.,-4.44089209850061E-16,-1.));
#1714=DIRECTION('center_axis',(0.,2.95725888983947E-15,1.));
#1715=DIRECTION('ref_axis',(0.,-1.,2.95725888983947E-15));
#1716=DIRECTION('',(0.,-1.,2.95725888983947E-15));
#1717=DIRECTION('center_axis',(0.,2.95725888983947E-15,1.));
#1718=DIRECTION('ref_axis',(0.,-1.,2.95725888983947E-15));
#1719=DIRECTION('',(0.,1.,-2.95725888983947E-15));
#1720=DIRECTION('center_axis',(0.,-1.,-2.77555756156289E-16));
#1721=DIRECTION('ref_axis',(-1.,0.,0.));
#1722=DIRECTION('center_axis',(0.,-1.,4.44089209850061E-16));
#1723=DIRECTION('ref_axis',(-1.,0.,0.));
#1724=DIRECTION('',(0.,-1.,-2.77555756156289E-16));
#1725=DIRECTION('center_axis',(6.66133814775094E-16,-3.96508223080413E-16,
1.));
#1726=DIRECTION('ref_axis',(1.,1.76085023486832E-31,-6.66133814775094E-16));
#1727=DIRECTION('',(1.,1.76085023486832E-31,-6.66133814775094E-16));
#1728=DIRECTION('',(0.,1.,2.96059473233375E-16));
#1729=DIRECTION('center_axis',(-0.999893549639887,5.78534424385355E-18,
-0.0145907295412642));
#1730=DIRECTION('ref_axis',(-0.0145907295412642,-2.64310676424851E-16,0.999893549639887));
#1731=DIRECTION('',(-0.0145907295412642,-2.64310676424851E-16,0.999893549639887));
#1732=DIRECTION('',(0.,1.,2.96059473233375E-16));
#1733=DIRECTION('center_axis',(-0.00393023264352303,3.96505160691126E-16,
-0.999992276605859));
#1734=DIRECTION('ref_axis',(-0.999992276605859,-1.03891304118396E-18,0.00393023264352303));
#1735=DIRECTION('',(-0.999992276605859,-1.03891304118396E-18,0.00393023264352303));
#1736=DIRECTION('center_axis',(0.,1.,3.96508223080413E-16));
#1737=DIRECTION('ref_axis',(0.,-3.96508223080413E-16,1.));
#1738=DIRECTION('center_axis',(6.66133815045594E-16,-3.96508223080413E-16,
1.));
#1739=DIRECTION('ref_axis',(1.,1.76085023558336E-31,-6.66133815045594E-16));
#1740=DIRECTION('',(1.,1.76085023558336E-31,-6.66133815045594E-16));
#1741=DIRECTION('',(0.,1.,2.96059473233375E-16));
#1742=DIRECTION('center_axis',(-1.,0.,0.));
#1743=DIRECTION('ref_axis',(0.,-2.64338815386941E-16,1.));
#1744=DIRECTION('',(0.,-2.64338815386941E-16,1.));
#1745=DIRECTION('',(0.,1.,2.96059473233375E-16));
#1746=DIRECTION('center_axis',(-0.00393023264352294,3.96505160691126E-16,
-0.999992276605859));
#1747=DIRECTION('ref_axis',(-0.999992276605859,-1.03891304118394E-18,0.00393023264352294));
#1748=DIRECTION('',(-0.999992276605859,-1.03891304118394E-18,0.00393023264352294));
#1749=DIRECTION('center_axis',(0.,1.,3.96508223080413E-16));
#1750=DIRECTION('ref_axis',(0.,-3.96508223080413E-16,1.));
#1751=DIRECTION('center_axis',(0.,1.,0.));
#1752=DIRECTION('ref_axis',(0.,0.,1.));
#1753=DIRECTION('',(8.58202398019878E-12,0.,-1.));
#1754=DIRECTION('',(9.28146448570007E-12,0.,1.));
#1755=DIRECTION('',(-1.,-1.11164787554812E-30,4.20539024479203E-15));
#1756=DIRECTION('center_axis',(-1.,-1.73476356469101E-27,9.28146448570007E-12));
#1757=DIRECTION('ref_axis',(9.28146448570007E-12,-2.64338815386941E-16,
1.));
#1758=DIRECTION('',(0.,1.,1.86906233101872E-16));
#1759=DIRECTION('center_axis',(0.,1.,0.));
#1760=DIRECTION('ref_axis',(0.,0.,1.));
#1761=DIRECTION('',(-1.,-8.89318300438495E-32,3.36431219583361E-16));
#1762=DIRECTION('',(9.30644450375371E-12,0.,-1.));
#1763=DIRECTION('',(9.30922006131522E-12,0.,1.));
#1764=DIRECTION('center_axis',(1.,-1.73943248576823E-27,9.30644450375371E-12));
#1765=DIRECTION('ref_axis',(9.30644450375371E-12,2.64338815386941E-16,-1.));
#1766=DIRECTION('',(0.,1.,1.86906233101872E-16));
#1767=DIRECTION('center_axis',(1.,0.,0.));
#1768=DIRECTION('ref_axis',(0.,0.,-1.));
#1769=DIRECTION('',(0.,1.,2.96059473233375E-16));
#1770=DIRECTION('center_axis',(-1.,0.,0.));
#1771=DIRECTION('ref_axis',(0.,0.,-1.));
#1772=DIRECTION('center_axis',(3.23815048849004E-15,-2.80359349652809E-16,
1.));
#1773=DIRECTION('ref_axis',(1.,8.55968864172102E-31,-3.23815048849004E-15));
#1774=DIRECTION('center_axis',(-1.,-2.60992688216521E-27,9.30922006131522E-12));
#1775=DIRECTION('ref_axis',(9.30922006131522E-12,-2.64338815386941E-16,
1.));
#1776=DIRECTION('',(0.,1.,2.80359349652809E-16));
#1777=DIRECTION('center_axis',(-3.36431219583361E-16,2.80359349652809E-16,
-1.));
#1778=DIRECTION('ref_axis',(-1.,-8.89318300438495E-32,3.36431219583361E-16));
#1779=DIRECTION('',(0.,1.,2.80359349652809E-16));
#1780=DIRECTION('center_axis',(-4.20539024479203E-15,2.80359349652809E-16,
-1.));
#1781=DIRECTION('ref_axis',(-1.,-1.11164787554812E-30,4.20539024479203E-15));
#1782=DIRECTION('',(0.,-1.,-4.20539024479228E-16));
#1783=DIRECTION('',(0.,1.,1.86906233101872E-16));
#1784=DIRECTION('center_axis',(1.,-3.08179609064482E-31,1.09923071745645E-15));
#1785=DIRECTION('ref_axis',(1.09923071745645E-15,2.64338815386941E-16,-1.));
#1786=DIRECTION('',(-1.09923071745645E-15,4.44089209850061E-16,1.));
#1787=DIRECTION('',(-1.06464574341865E-15,-0.248869171647534,0.968537111009934));
#1788=DIRECTION('',(0.,1.,2.80359349652809E-16));
#1789=DIRECTION('',(0.,1.,2.80359349652809E-16));
#1790=DIRECTION('center_axis',(4.99600361081325E-15,-2.80359349652809E-16,
1.));
#1791=DIRECTION('ref_axis',(1.,1.32063767615125E-30,-4.99600361081325E-15));
#1792=DIRECTION('',(-1.,-1.2837414963632E-15,4.99600361081325E-15));
#1793=DIRECTION('',(0.,1.,2.80359349652809E-16));
#1794=DIRECTION('center_axis',(-1.,6.16359218128964E-32,-2.19846143491291E-16));
#1795=DIRECTION('ref_axis',(-2.19846143491291E-16,-2.64338815386941E-16,
1.));
#1796=DIRECTION('',(2.19846143491291E-16,-4.44089209850061E-16,-1.));
#1797=DIRECTION('',(0.,-1.,-4.20539024479228E-16));
#1798=DIRECTION('',(2.12929148683731E-16,0.248869171647534,-0.968537111009935));
#1799=DIRECTION('center_axis',(1.98914958578674E-15,2.80359349652809E-16,
-1.));
#1800=DIRECTION('ref_axis',(-1.,5.25809445134291E-31,-1.98914958578674E-15));
#1801=DIRECTION('',(1.,8.8335986782561E-31,1.98914958578674E-15));
#1802=DIRECTION('center_axis',(-1.,2.96147535053436E-31,-1.0563141033826E-15));
#1803=DIRECTION('ref_axis',(-1.0563141033826E-15,-2.64338815386941E-16,
1.));
#1804=DIRECTION('center_axis',(1.,-2.40605066179334E-27,8.58202398019878E-12));
#1805=DIRECTION('ref_axis',(8.58202398019878E-12,2.64338815386941E-16,-1.));
#1806=DIRECTION('center_axis',(0.,-1.,4.44089209850061E-16));
#1807=DIRECTION('ref_axis',(0.,-4.44089209850061E-16,-1.));
#1808=DIRECTION('',(-1.,0.,0.));
#1809=DIRECTION('center_axis',(0.,-0.968537111009935,-0.248869171647534));
#1810=DIRECTION('ref_axis',(0.,0.248869171647534,-0.968537111009935));
#1811=DIRECTION('center_axis',(1.,0.,0.));
#1812=DIRECTION('ref_axis',(0.,0.,-1.));
#1813=DIRECTION('center_axis',(1.,0.,0.));
#1814=DIRECTION('ref_axis',(0.,0.,-1.));
#1815=DIRECTION('',(1.,0.,0.));
#1816=DIRECTION('center_axis',(1.,0.,0.));
#1817=DIRECTION('ref_axis',(0.,0.,-1.));
#1818=DIRECTION('center_axis',(1.,0.,0.));
#1819=DIRECTION('ref_axis',(0.,0.,-1.));
#1820=DIRECTION('',(1.,0.,0.));
#1821=DIRECTION('center_axis',(-1.,0.,0.));
#1822=DIRECTION('ref_axis',(0.,0.,-1.));
#1823=DIRECTION('center_axis',(1.,0.,0.));
#1824=DIRECTION('ref_axis',(0.,0.,-1.));
#1825=DIRECTION('center_axis',(1.,0.,0.));
#1826=DIRECTION('ref_axis',(0.,0.,-1.));
#1827=DIRECTION('center_axis',(1.,0.,0.));
#1828=DIRECTION('ref_axis',(0.,0.,-1.));
#1829=DIRECTION('center_axis',(0.866025403784439,-3.05311331771917E-15,
0.499999999999999));
#1830=DIRECTION('ref_axis',(-0.499999999999999,-5.31955164242544E-15,0.866025403784439));
#1831=DIRECTION('',(-0.499999999999999,-1.06065868622483E-14,0.866025403784439));
#1832=DIRECTION('',(0.,-1.,-6.10622663543836E-15));
#1833=DIRECTION('',(-0.499999999999999,-5.31955164242544E-15,0.866025403784439));
#1834=DIRECTION('',(0.,-1.,-6.10622663543836E-15));
#1835=DIRECTION('center_axis',(0.866025403784439,3.05311331771917E-15,-0.499999999999999));
#1836=DIRECTION('ref_axis',(0.499999999999999,-5.31955164242544E-15,0.866025403784439));
#1837=DIRECTION('',(0.499999999999999,-1.06065868622483E-14,0.866025403784439));
#1838=DIRECTION('',(0.,-1.,-6.10622663543836E-15));
#1839=DIRECTION('',(0.499999999999999,-5.31955164242544E-15,0.866025403784439));
#1840=DIRECTION('center_axis',(0.,6.10622663543836E-15,-1.));
#1841=DIRECTION('ref_axis',(1.,0.,0.));
#1842=DIRECTION('',(1.,0.,0.));
#1843=DIRECTION('',(0.,-1.,-6.10622663543836E-15));
#1844=DIRECTION('',(1.,0.,0.));
#1845=DIRECTION('center_axis',(-0.866025403784438,3.05311331771919E-15,
-0.500000000000001));
#1846=DIRECTION('ref_axis',(0.500000000000001,5.31955164242543E-15,-0.866025403784438));
#1847=DIRECTION('',(0.500000000000001,1.06065868622483E-14,-0.866025403784438));
#1848=DIRECTION('',(0.,-1.,-6.10622663543836E-15));
#1849=DIRECTION('',(0.500000000000001,5.31955164242543E-15,-0.866025403784438));
#1850=DIRECTION('center_axis',(-0.866025403784439,-3.05311331771917E-15,
0.499999999999999));
#1851=DIRECTION('ref_axis',(-0.499999999999999,5.31955164242544E-15,-0.866025403784439));
#1852=DIRECTION('',(-0.499999999999999,1.06065868622483E-14,-0.866025403784439));
#1853=DIRECTION('',(0.,-1.,-6.10622663543836E-15));
#1854=DIRECTION('',(-0.499999999999999,5.31955164242544E-15,-0.866025403784439));
#1855=DIRECTION('center_axis',(-1.55077635998674E-15,-6.10622663543836E-15,
1.));
#1856=DIRECTION('ref_axis',(-1.,9.52562695823109E-30,-1.55077635998674E-15));
#1857=DIRECTION('',(-1.,1.89930273341206E-29,-1.55077635998674E-15));
#1858=DIRECTION('',(-1.,9.52562695823109E-30,-1.55077635998674E-15));
#1859=DIRECTION('center_axis',(0.,1.,6.14248914544488E-15));
#1860=DIRECTION('ref_axis',(-1.,0.,0.));
#1861=DIRECTION('center_axis',(0.,1.,6.14248914544488E-15));
#1862=DIRECTION('ref_axis',(-1.,0.,0.));
#1863=DIRECTION('center_axis',(0.,1.,1.22124532708767E-14));
#1864=DIRECTION('ref_axis',(-1.,0.,0.));
#1865=DIRECTION('',(0.,-1.,-1.22124532708767E-14));
#1866=DIRECTION('center_axis',(0.,-1.,-1.2120155780137E-14));
#1867=DIRECTION('ref_axis',(-1.,0.,0.));
#1868=DIRECTION('center_axis',(0.,1.22124532708767E-14,-1.));
#1869=DIRECTION('ref_axis',(-1.,0.,0.));
#1870=DIRECTION('',(1.,0.,0.));
#1871=DIRECTION('',(0.,1.,1.22124532708767E-14));
#1872=DIRECTION('',(-1.,0.,0.));
#1873=DIRECTION('',(0.,1.,1.22124532708767E-14));
#1874=DIRECTION('center_axis',(1.,0.,0.));
#1875=DIRECTION('ref_axis',(0.,1.21847351686592E-14,-1.));
#1876=DIRECTION('',(0.,1.21847351686592E-14,-1.));
#1877=DIRECTION('',(0.,1.21847351686592E-14,-1.));
#1878=DIRECTION('',(0.,1.,1.22124532708767E-14));
#1879=DIRECTION('center_axis',(0.,-1.22124532708767E-14,1.));
#1880=DIRECTION('ref_axis',(1.,0.,0.));
#1881=DIRECTION('',(1.,0.,0.));
#1882=DIRECTION('',(1.,0.,0.));
#1883=DIRECTION('',(0.,1.,1.22124532708767E-14));
#1884=DIRECTION('center_axis',(-1.,0.,0.));
#1885=DIRECTION('ref_axis',(0.,-1.21847351686592E-14,1.));
#1886=DIRECTION('',(0.,1.21847351686592E-14,-1.));
#1887=DIRECTION('',(0.,-1.21847351686592E-14,1.));
#1888=DIRECTION('center_axis',(0.,1.,1.22474315602044E-14));
#1889=DIRECTION('ref_axis',(-1.,0.,0.));
#1890=DIRECTION('center_axis',(0.,1.,1.22474315602044E-14));
#1891=DIRECTION('ref_axis',(-1.,0.,0.));
#1892=CARTESIAN_POINT('',(0.,0.,0.));
#1893=CARTESIAN_POINT('Origin',(0.,21.0000001341111,-23.7522451035223));
#1894=CARTESIAN_POINT('',(38.,21.0000001341111,-23.7522451035223));
#1895=CARTESIAN_POINT('',(38.,18.0000001341111,-25.3210751369871));
#1896=CARTESIAN_POINT('',(38.,21.5256279185349,-23.4773715519797));
#1897=CARTESIAN_POINT('',(39.2,21.0000001341111,-23.7522451035223));
#1898=CARTESIAN_POINT('',(0.,21.0000001341111,-23.7522451035223));
#1899=CARTESIAN_POINT('',(39.2,18.0000001341111,-25.3210751369871));
#1900=CARTESIAN_POINT('',(39.2,21.5256279185349,-23.4773715519797));
#1901=CARTESIAN_POINT('',(0.,18.0000001341111,-25.3210751369871));
#1902=CARTESIAN_POINT('Origin',(0.,21.0000001341111,-23.7522451035223));
#1903=CARTESIAN_POINT('',(1.2,18.0000001341111,-25.3210751369871));
#1904=CARTESIAN_POINT('',(1.2,21.0000001341111,-23.7522451035223));
#1905=CARTESIAN_POINT('',(1.2,21.5256279185349,-23.4773715519797));
#1906=CARTESIAN_POINT('',(0.,18.0000001341111,-25.3210751369871));
#1907=CARTESIAN_POINT('',(0.,18.0000001341111,-25.3210751369871));
#1908=CARTESIAN_POINT('',(0.,21.0000001341111,-23.7522451035223));
#1909=CARTESIAN_POINT('',(0.,21.5256279185349,-23.4773715519797));
#1910=CARTESIAN_POINT('',(0.,21.0000001341111,-23.7522451035223));
#1911=CARTESIAN_POINT('Origin',(0.,21.0000001341111,-23.7522451035223));
#1912=CARTESIAN_POINT('',(14.4,21.0000001341111,-23.7522451035223));
#1913=CARTESIAN_POINT('',(14.4,18.0000001341111,-25.3210751369871));
#1914=CARTESIAN_POINT('',(14.4,16.5275314732367,-26.0910928231589));
#1915=CARTESIAN_POINT('',(24.8,21.0000001341111,-23.7522451035223));
#1916=CARTESIAN_POINT('',(0.,21.0000001341111,-23.7522451035223));
#1917=CARTESIAN_POINT('',(24.8,18.0000001341111,-25.3210751369871));
#1918=CARTESIAN_POINT('',(24.8,18.6156767797118,-24.9991111328134));
#1919=CARTESIAN_POINT('',(0.,18.0000001341111,-25.3210751369871));
#1920=CARTESIAN_POINT('Origin',(0.,15.0000001341104,-21.1125034985204));
#1921=CARTESIAN_POINT('',(14.4,15.0000001341104,-22.7125034985204));
#1922=CARTESIAN_POINT('Origin',(14.4,15.0000001341104,-21.1125034985204));
#1923=CARTESIAN_POINT('',(24.7999999999999,15.0000001341104,-22.7125034985204));
#1924=CARTESIAN_POINT('',(0.,15.0000001341104,-22.7125034985204));
#1925=CARTESIAN_POINT('Origin',(24.7999999999999,15.0000001341104,-21.1125034985204));
#1926=CARTESIAN_POINT('Origin',(0.,12.1450467407814,-23.7522451035223));
#1927=CARTESIAN_POINT('',(24.8,12.1450467407814,-23.7522451035223));
#1928=CARTESIAN_POINT('',(24.8,12.2169571588292,-23.7715134419656));
#1929=CARTESIAN_POINT('',(14.4,12.1450467407814,-23.7522451035223));
#1930=CARTESIAN_POINT('',(0.,12.1450467407814,-23.7522451035223));
#1931=CARTESIAN_POINT('',(14.4,13.4882181337379,-24.1121467935616));
#1932=CARTESIAN_POINT('Origin',(0.,21.0000001341111,-26.1249227142806));
#1933=CARTESIAN_POINT('',(0.,21.0000001341105,6.68749650147964));
#1934=CARTESIAN_POINT('',(0.,21.0000001341105,6.68749650147964));
#1935=CARTESIAN_POINT('',(2.2,21.0000001341105,6.68749650147968));
#1936=CARTESIAN_POINT('',(0.,21.0000001341105,6.68749650147964));
#1937=CARTESIAN_POINT('',(2.19999999999987,21.0000001341109,-13.5125034985204));
#1938=CARTESIAN_POINT('',(2.19999999999995,21.0000001341106,-1.20502544833719));
#1939=CARTESIAN_POINT('',(4.4999999999887,21.0000001341109,-13.5125034984988));
#1940=CARTESIAN_POINT('',(10.9000000000206,21.0000001341109,-13.5125034984389));
#1941=CARTESIAN_POINT('',(4.49999999999987,21.0000001341109,-14.7125034985204));
#1942=CARTESIAN_POINT('',(4.49999999996816,21.0000001341108,-11.3050254483968));
#1943=CARTESIAN_POINT('',(1.2,21.0000001341109,-14.7125034985204));
#1944=CARTESIAN_POINT('',(12.0499999999999,21.0000001341109,-14.7125034985204));
#1945=CARTESIAN_POINT('',(1.2,21.0000001341111,-26.1249227142805));
#1946=CARTESIAN_POINT('Origin',(0.,21.0000001341111,-26.1249227142806));
#1947=CARTESIAN_POINT('',(38.,21.0000001341109,-14.7125034985204));
#1948=CARTESIAN_POINT('',(38.,21.000000134111,-20.4187131064004));
#1949=CARTESIAN_POINT('',(34.7,21.0000001341109,-14.7125034985204));
#1950=CARTESIAN_POINT('',(28.8,21.0000001341109,-14.7125034985204));
#1951=CARTESIAN_POINT('',(34.7000000000112,21.0000001341109,-13.5125034984989));
#1952=CARTESIAN_POINT('',(34.7000000000261,21.0000001341108,-11.9050254484073));
#1953=CARTESIAN_POINT('',(37.,21.0000001341109,-13.5125034985204));
#1954=CARTESIAN_POINT('',(27.1499999999849,21.0000001341109,-13.5125034984282));
#1955=CARTESIAN_POINT('',(37.,21.0000001341105,6.68749650147968));
#1956=CARTESIAN_POINT('',(37.,21.0000001341108,-11.3050254483373));
#1957=CARTESIAN_POINT('',(39.2,21.0000001341105,6.68749650147964));
#1958=CARTESIAN_POINT('',(0.,21.0000001341105,6.68749650147964));
#1959=CARTESIAN_POINT('',(39.2,21.0000001341105,6.68749650147964));
#1960=CARTESIAN_POINT('Origin',(0.,12.1450467407814,-23.7522451035223));
#1961=CARTESIAN_POINT('',(1.2,12.1450467407814,-23.7522451035223));
#1962=CARTESIAN_POINT('',(1.2,11.5342548472281,-23.5885839089012));
#1963=CARTESIAN_POINT('',(0.,12.1450467407814,-23.7522451035223));
#1964=CARTESIAN_POINT('',(0.,12.1450467407814,-23.7522451035223));
#1965=CARTESIAN_POINT('',(0.,12.1450467407814,-23.7522451035223));
#1966=CARTESIAN_POINT('Origin',(2.2,10.2000001341104,6.68749650147968));
#1967=CARTESIAN_POINT('',(2.19999999999989,9.00000013411046,-11.5125034985204));
#1968=CARTESIAN_POINT('',(2.19999999999987,9.51390748741368,-13.5125034985204));
#1969=CARTESIAN_POINT('',(2.1999999999999,8.41622979660871,-9.2406140859659));
#1970=CARTESIAN_POINT('',(2.19999999999987,10.2000001341105,-13.5125034985204));
#1971=CARTESIAN_POINT('',(2.2,9.00000013411046,6.68749650147968));
#1972=CARTESIAN_POINT('',(2.2,10.2000001341104,6.68749650147968));
#1973=CARTESIAN_POINT('',(2.19999999999994,9.00000013411046,-3.41250349852036));
#1974=CARTESIAN_POINT('Origin',(10.100000000011,10.2000001341105,-13.5125034984464));
#1975=CARTESIAN_POINT('',(12.4002207436841,9.51390748738914,-13.5125034984249));
#1976=CARTESIAN_POINT('',(5.04999999995361,9.51390748740682,-13.5125034984937));
#1977=CARTESIAN_POINT('',(12.4002207436841,21.0000001341109,-13.5125034984249));
#1978=CARTESIAN_POINT('',(12.4002207436841,10.2000001341105,-13.5125034984249));
#1979=CARTESIAN_POINT('',(10.100000000011,21.0000001341109,-13.5125034984989));
#1980=CARTESIAN_POINT('',(14.8500000000262,21.0000001341109,-13.512503498402));
#1981=CARTESIAN_POINT('',(10.100000000011,12.2000001341105,-13.5125034984989));
#1982=CARTESIAN_POINT('',(10.100000000011,10.2000001341105,-13.5125034984989));
#1983=CARTESIAN_POINT('',(4.4999999999887,12.2000001341105,-13.5125034984989));
#1984=CARTESIAN_POINT('',(2.19999999999987,12.2000001341105,-13.5125034985204));
#1985=CARTESIAN_POINT('',(4.4999999999887,10.2000001341105,-13.5125034984989));
#1986=CARTESIAN_POINT('Origin',(12.4002207436841,10.2000001341105,-13.5125034984249));
#1987=CARTESIAN_POINT('',(12.4001988878738,9.00000013411046,-11.5125034985204));
#1988=CARTESIAN_POINT('',(12.4002775960538,10.8507076531586,-18.7149982951114));
#1989=CARTESIAN_POINT('',(12.4001553910017,9.00000013411046,-7.53215489165806));
#1990=CARTESIAN_POINT('',(12.4000862491612,9.00000013411046,-1.20506478785338));
#1991=CARTESIAN_POINT('',(12.4001553910017,13.0000001341105,-7.53215489165806));
#1992=CARTESIAN_POINT('',(12.4001553910017,10.2000001341105,-7.53215489165806));
#1993=CARTESIAN_POINT('',(12.4001355060239,13.0000001341105,-5.71250349852038));
#1994=CARTESIAN_POINT('',(12.4001830959492,13.0000001341105,-10.0674026868756));
#1995=CARTESIAN_POINT('',(12.4001355060239,9.00000013411046,-5.71250349852038));
#1996=CARTESIAN_POINT('',(12.4001355060239,10.2000001341105,-5.71250349852038));
#1997=CARTESIAN_POINT('',(12.400036062087,9.00000013411046,3.387496501533));
#1998=CARTESIAN_POINT('',(12.4000180303031,9.00000013411046,5.03756425451827));
#1999=CARTESIAN_POINT('',(12.400036062087,21.0000001341105,3.38749650153301));
#2000=CARTESIAN_POINT('',(12.400036062087,10.2000001341104,3.387496501533));
#2001=CARTESIAN_POINT('',(12.4001966210032,21.0000001341108,-11.3050647878056));
#2002=CARTESIAN_POINT('Origin',(0.,9.00000013411046,6.68749650147967));
#2003=CARTESIAN_POINT('',(26.8,9.00000013411046,-11.5125034985204));
#2004=CARTESIAN_POINT('',(0.,9.00000013411046,-11.5125034985204));
#2005=CARTESIAN_POINT('',(26.8,9.00000013411046,3.387496501533));
#2006=CARTESIAN_POINT('',(26.8,9.00000013411046,-3.41250349847264));
#2007=CARTESIAN_POINT('',(13.4,9.00000013411046,3.387496501533));
#2008=CARTESIAN_POINT('',(7.40013550805426,9.00000013411046,-5.71250349852038));
#2009=CARTESIAN_POINT('',(6.20006775301194,9.00000013411046,-5.71250349852038));
#2010=CARTESIAN_POINT('',(7.40013550805426,9.00000013411046,-7.51250349852038));
#2011=CARTESIAN_POINT('',(7.40013550805426,9.00000013411046,0.487496501479648));
#2012=CARTESIAN_POINT('',(3.67222047171926,9.00000013411046,-7.49785181199154));
#2013=CARTESIAN_POINT('',(21.3,9.00000013411047,-8.8625034984937));
#2014=CARTESIAN_POINT('Origin',(19.6,9.00000013411047,-8.8625034984937));
#2015=CARTESIAN_POINT('Origin',(26.8,10.2000001341104,6.68749650147968));
#2016=CARTESIAN_POINT('',(26.8,9.51390748738915,-13.5125034984249));
#2017=CARTESIAN_POINT('',(26.8,8.41622979660871,-9.2406140859659));
#2018=CARTESIAN_POINT('',(26.8,21.0000001341109,-13.5125034984249));
#2019=CARTESIAN_POINT('',(26.8,10.2000001341105,-13.5125034984249));
#2020=CARTESIAN_POINT('',(26.8,21.0000001341105,3.38749650153301));
#2021=CARTESIAN_POINT('',(26.8,21.0000001341106,-1.20502544833724));
#2022=CARTESIAN_POINT('',(26.8,10.2000001341104,3.387496501533));
#2023=CARTESIAN_POINT('Origin',(0.,12.1450467407814,-23.7522451035223));
#2024=CARTESIAN_POINT('',(39.2,12.1450467407814,-23.7522451035223));
#2025=CARTESIAN_POINT('',(39.2,12.1450467407814,-23.7522451035223));
#2026=CARTESIAN_POINT('',(38.,12.1450467407814,-23.7522451035223));
#2027=CARTESIAN_POINT('',(0.,12.1450467407814,-23.7522451035223));
#2028=CARTESIAN_POINT('',(38.,10.1077024452579,-23.2063403448326));
#2029=CARTESIAN_POINT('Origin',(37.,10.2000001341105,-13.5125034985204));
#2030=CARTESIAN_POINT('',(37.,9.51390748741368,-13.5125034985204));
#2031=CARTESIAN_POINT('',(37.,9.00000013411046,-11.5125034985204));
#2032=CARTESIAN_POINT('',(37.,10.8507239847308,-18.715061853541));
#2033=CARTESIAN_POINT('',(37.,9.00000013411046,-7.62883875069348));
#2034=CARTESIAN_POINT('',(37.,9.00000013411046,-1.20502544833735));
#2035=CARTESIAN_POINT('',(37.,13.0000001341105,-7.62883875069348));
#2036=CARTESIAN_POINT('',(37.,10.2000001341105,-7.62883875069348));
#2037=CARTESIAN_POINT('',(37.,13.0000001341105,-5.71250349852039));
#2038=CARTESIAN_POINT('',(37.,13.0000001341105,-10.0915873115637));
#2039=CARTESIAN_POINT('',(37.,9.00000013411046,-5.7125034985204));
#2040=CARTESIAN_POINT('',(37.,10.2000001341105,-5.71250349852039));
#2041=CARTESIAN_POINT('',(37.,9.00000013411046,6.68749650147967));
#2042=CARTESIAN_POINT('',(37.,9.00000013411046,6.68749650147968));
#2043=CARTESIAN_POINT('',(37.,15.6000001341105,6.68749650147965));
#2044=CARTESIAN_POINT('',(37.,10.2000001341105,-13.5125034985204));
#2045=CARTESIAN_POINT('Origin',(26.8,10.2000001341105,-13.5125034984249));
#2046=CARTESIAN_POINT('',(13.4000000000519,9.51390748735691,-13.5125034982995));
#2047=CARTESIAN_POINT('',(34.7000000000112,12.2000001341105,-13.5125034984989));
#2048=CARTESIAN_POINT('',(34.7000000000112,10.2000001341105,-13.5125034984989));
#2049=CARTESIAN_POINT('',(29.0999999999897,12.2000001341105,-13.5125034984989));
#2050=CARTESIAN_POINT('',(37.,12.2000001341105,-13.5125034985204));
#2051=CARTESIAN_POINT('',(29.0999999999897,21.0000001341109,-13.5125034984989));
#2052=CARTESIAN_POINT('',(29.0999999999897,10.2000001341105,-13.5125034984989));
#2053=CARTESIAN_POINT('',(23.1999999999793,21.0000001341109,-13.5125034983912));
#2054=CARTESIAN_POINT('Origin',(0.,9.00000013411046,6.68749650147967));
#2055=CARTESIAN_POINT('',(39.2,9.00000013411046,-11.5125034985204));
#2056=CARTESIAN_POINT('',(0.,9.00000013411046,-11.5125034985204));
#2057=CARTESIAN_POINT('',(39.2,9.00000013411046,6.68749650147967));
#2058=CARTESIAN_POINT('',(39.2,9.00000013411046,6.68749650147967));
#2059=CARTESIAN_POINT('',(0.,9.00000013411046,6.68749650147967));
#2060=CARTESIAN_POINT('',(32.,9.00000013411046,-5.71250349852039));
#2061=CARTESIAN_POINT('',(18.5,9.00000013411046,-5.71250349852038));
#2062=CARTESIAN_POINT('',(32.0276785359796,9.00000013411046,-7.60929621962683));
#2063=CARTESIAN_POINT('',(31.9061408763956,9.00000013411046,0.719603408916256));
#2064=CARTESIAN_POINT('',(15.9859919856819,9.00000013411046,-7.54624817254477));
#2065=CARTESIAN_POINT('Origin',(24.7999999999999,10.2000001341105,-14.7125034985204));
#2066=CARTESIAN_POINT('',(24.8,21.0000001341109,-14.7125034985204));
#2067=CARTESIAN_POINT('',(24.8,21.0000001341111,-26.1249227142804));
#2068=CARTESIAN_POINT('',(24.8,9.8222518993956,-14.7125034985204));
#2069=CARTESIAN_POINT('',(24.8,10.2000001341105,-14.7125034985204));
#2070=CARTESIAN_POINT('',(24.8,10.9953474018469,-19.277900334783));
#2071=CARTESIAN_POINT('Origin',(26.8,10.2000001341104,3.387496501533));
#2072=CARTESIAN_POINT('',(25.6,21.0000001341105,3.38749650153301));
#2073=CARTESIAN_POINT('',(13.4,21.0000001341105,3.38749650153301));
#2074=CARTESIAN_POINT('',(25.6,10.2000001341105,3.387496501533));
#2075=CARTESIAN_POINT('',(25.6,10.2000001341104,3.387496501533));
#2076=CARTESIAN_POINT('',(13.6,10.2000001341105,3.387496501533));
#2077=CARTESIAN_POINT('',(13.4,10.2000001341105,3.387496501533));
#2078=CARTESIAN_POINT('',(13.6,21.0000001341105,3.38749650153301));
#2079=CARTESIAN_POINT('',(13.6,10.2000001341104,3.387496501533));
#2080=CARTESIAN_POINT('',(13.4,21.0000001341105,3.38749650153301));
#2081=CARTESIAN_POINT('Origin',(13.6,10.2000001341104,6.68749650147967));
#2082=CARTESIAN_POINT('',(13.6,10.2000001341105,-2.612503498467));
#2083=CARTESIAN_POINT('',(13.6,10.2000001341105,6.68749650147968));
#2084=CARTESIAN_POINT('',(13.6,21.0000001341107,-2.61250349846699));
#2085=CARTESIAN_POINT('',(13.6,10.2000001341104,-2.612503498467));
#2086=CARTESIAN_POINT('',(13.6,21.0000001341106,-1.20502544833725));
#2087=CARTESIAN_POINT('Origin',(0.,10.2000001341105,6.68749650147967));
#2088=CARTESIAN_POINT('',(25.6,10.2000001341105,-2.61250349846704));
#2089=CARTESIAN_POINT('',(25.6,10.2000001341105,2.03749650150632));
#2090=CARTESIAN_POINT('',(6.79999999999998,10.2000001341105,-2.61250349846697));
#2091=CARTESIAN_POINT('Origin',(25.6,10.2000001341105,-2.61250349846704));
#2092=CARTESIAN_POINT('',(25.6,21.0000001341107,-2.61250349846703));
#2093=CARTESIAN_POINT('',(25.6,21.0000001341107,-5.8550254483106));
#2094=CARTESIAN_POINT('',(25.6,10.2000001341104,-2.61250349846704));
#2095=CARTESIAN_POINT('Origin',(0.,21.0000001341111,-26.1249227142806));
#2096=CARTESIAN_POINT('',(14.4,21.0000001341109,-14.7125034985204));
#2097=CARTESIAN_POINT('',(14.4,21.0000001341109,-16.9900693479713));
#2098=CARTESIAN_POINT('',(10.0999999999999,21.0000001341109,-14.7125034985204));
#2099=CARTESIAN_POINT('',(17.,21.0000001341109,-14.7125034985204));
#2100=CARTESIAN_POINT('',(10.100000000026,21.0000001341108,-11.905025448293));
#2101=CARTESIAN_POINT('',(16.6,21.0000001341107,-2.612503498467));
#2102=CARTESIAN_POINT('',(29.1,21.0000001341109,-14.7125034985204));
#2103=CARTESIAN_POINT('',(29.0999999999708,21.0000001341108,-11.3050254482858));
#2104=CARTESIAN_POINT('',(24.35,21.0000001341109,-14.7125034985204));
#2105=CARTESIAN_POINT('',(25.6,21.0000001341107,-4.21250349846697));
#2106=CARTESIAN_POINT('',(25.5999999999999,21.0000001341109,-13.5125034985204));
#2107=CARTESIAN_POINT('',(25.6,21.0000001341108,-11.3050254482839));
#2108=CARTESIAN_POINT('',(13.6,21.0000001341107,-4.212503498467));
#2109=CARTESIAN_POINT('',(22.6,21.0000001341107,-4.21250349846698));
#2110=CARTESIAN_POINT('',(13.6,21.0000001341109,-13.5125034985204));
#2111=CARTESIAN_POINT('',(13.6,21.0000001341107,-6.65502544831058));
#2112=CARTESIAN_POINT('',(16.6,21.0000001341109,-13.5125034985204));
#2113=CARTESIAN_POINT('Origin',(0.,9.00000013411045,-11.5125034985204));
#2114=CARTESIAN_POINT('',(1.2,9.82225189939561,-14.7125034985204));
#2115=CARTESIAN_POINT('',(1.2,10.798243318966,-18.5108201145291));
#2116=CARTESIAN_POINT('',(14.4,9.82225189939561,-14.7125034985204));
#2117=CARTESIAN_POINT('',(7.2,9.82225189939561,-14.7125034985204));
#2118=CARTESIAN_POINT('',(14.4,12.2210414434316,-24.0479976439819));
#2119=CARTESIAN_POINT('',(38.,9.82225189939561,-14.7125034985204));
#2120=CARTESIAN_POINT('',(14.55,9.82225189939559,-14.7125034985203));
#2121=CARTESIAN_POINT('',(38.,9.42282409851147,-13.1580295322821));
#2122=CARTESIAN_POINT('',(39.2,9.00000013411045,-11.5125034985204));
#2123=CARTESIAN_POINT('',(0.,9.00000013411046,-11.5125034985204));
#2124=CARTESIAN_POINT('',(0.,9.00000013411046,-11.5125034985204));
#2125=CARTESIAN_POINT('',(0.,9.00000013411045,-11.5125034985204));
#2126=CARTESIAN_POINT('Origin',(0.,9.00000013411046,6.68749650147967));
#2127=CARTESIAN_POINT('',(0.,9.00000013411046,6.68749650147967));
#2128=CARTESIAN_POINT('',(0.,9.00000013411046,6.68749650147967));
#2129=CARTESIAN_POINT('',(0.,9.00000013411046,6.68749650147967));
#2130=CARTESIAN_POINT('Origin',(0.,21.0000001341105,6.68749650147964));
#2131=CARTESIAN_POINT('',(39.2,9.00000013411045,6.68749650147967));
#2132=CARTESIAN_POINT('Origin',(0.,21.0000001341105,6.68749650147964));
#2133=CARTESIAN_POINT('',(0.,9.00000013411045,6.68749650147967));
#2134=CARTESIAN_POINT('Origin',(19.6,10.2000001341105,-8.8625034984937));
#2135=CARTESIAN_POINT('',(21.3,10.2000001341105,-8.8625034984937));
#2136=CARTESIAN_POINT('Origin',(19.6,10.2000001341105,-8.8625034984937));
#2137=CARTESIAN_POINT('',(21.3,10.2000001341105,-8.8625034984937));
#2138=CARTESIAN_POINT('Origin',(32.,10.2000001341105,-5.71250349852039));
#2139=CARTESIAN_POINT('',(32.,13.0000001341105,-5.71250349852039));
#2140=CARTESIAN_POINT('',(32.,13.0000001341105,-5.71250349852039));
#2141=CARTESIAN_POINT('',(32.,10.2000001341105,-5.71250349852039));
#2142=CARTESIAN_POINT('Origin',(32.0276785359796,10.2000001341105,-7.60929621962683));
#2143=CARTESIAN_POINT('',(32.0276785359796,13.0000001341105,-7.60929621962683));
#2144=CARTESIAN_POINT('',(32.0276785359796,13.0000001341105,-7.60929621962683));
#2145=CARTESIAN_POINT('',(32.0276785359796,10.2000001341105,-7.60929621962683));
#2146=CARTESIAN_POINT('Origin',(37.,10.2000001341105,-7.62883875069348));
#2147=CARTESIAN_POINT('',(37.,13.0000001341105,-7.62883875069348));
#2148=CARTESIAN_POINT('Origin',(34.5,13.0000001341105,-6.67067112460694));
#2149=CARTESIAN_POINT('Origin',(7.40013550805426,10.2000001341105,-5.71250349852038));
#2150=CARTESIAN_POINT('',(7.40013550805426,13.0000001341105,-5.71250349852038));
#2151=CARTESIAN_POINT('',(7.40013550805426,13.0000001341105,-5.71250349852038));
#2152=CARTESIAN_POINT('',(7.40013550805426,10.2000001341105,-5.71250349852038));
#2153=CARTESIAN_POINT('Origin',(7.40013550805426,10.2000001341105,-7.51250349852038));
#2154=CARTESIAN_POINT('',(7.40013550805426,13.0000001341105,-7.51250349852038));
#2155=CARTESIAN_POINT('',(7.40013550805426,13.0000001341105,-7.51250349852038));
#2156=CARTESIAN_POINT('',(7.40013550805426,10.2000001341105,-7.51250349852038));
#2157=CARTESIAN_POINT('Origin',(12.4001553910017,10.2000001341105,-7.53215489165806));
#2158=CARTESIAN_POINT('',(12.4001553910017,13.0000001341105,-7.53215489165806));
#2159=CARTESIAN_POINT('Origin',(9.90014544952799,13.0000001341105,-6.62232919508922));
#2160=CARTESIAN_POINT('Origin',(31.9000000000004,12.2000001341105,-14.1125034984834));
#2161=CARTESIAN_POINT('',(29.1,12.2000001341105,-14.7125034985204));
#2162=CARTESIAN_POINT('',(29.0999999999923,12.2000001341105,-13.8125034985032));
#2163=CARTESIAN_POINT('',(34.7,12.2000001341105,-14.7125034985204));
#2164=CARTESIAN_POINT('',(34.7000000000028,12.2000001341105,-14.4125034985149));
#2165=CARTESIAN_POINT('',(38.0000000000007,12.2000001341105,-14.7125034985204));
#2166=CARTESIAN_POINT('Origin',(34.7,10.2000001341105,-14.7125034985204));
#2167=CARTESIAN_POINT('',(34.7,10.2000001341105,-14.7125034985204));
#2168=CARTESIAN_POINT('Origin',(7.29999999999987,12.2000001341105,-14.1125034984834));
#2169=CARTESIAN_POINT('',(10.0999999999999,12.2000001341105,-14.7125034985204));
#2170=CARTESIAN_POINT('',(4.49999999999987,12.2000001341105,-14.7125034985204));
#2171=CARTESIAN_POINT('',(1.19999999999923,12.2000001341105,-14.7125034985204));
#2172=CARTESIAN_POINT('',(4.49999999999149,12.2000001341105,-13.8125034985042));
#2173=CARTESIAN_POINT('',(10.1000000000027,12.2000001341105,-14.4125034985149));
#2174=CARTESIAN_POINT('Origin',(4.4999999999887,10.2000001341105,-13.5125034984989));
#2175=CARTESIAN_POINT('',(4.49999999999987,10.2000001341105,-14.7125034985204));
#2176=CARTESIAN_POINT('Origin',(1.2,15.0000001341108,-9.71871310640045));
#2177=CARTESIAN_POINT('',(1.2,10.2000001341105,-14.7125034985204));
#2178=CARTESIAN_POINT('',(1.2,15.0000001341104,-19.5125034985204));
#2179=CARTESIAN_POINT('Origin',(1.2,15.0000001341104,-21.1125034985204));
#2180=CARTESIAN_POINT('Origin',(13.6,10.2000001341104,-2.612503498467));
#2181=CARTESIAN_POINT('Origin',(10.0999999999999,10.2000001341105,-14.7125034985204));
#2182=CARTESIAN_POINT('',(10.0999999999999,10.2000001341105,-14.7125034985204));
#2183=CARTESIAN_POINT('Origin',(14.4,10.2000001341105,-14.7125034985204));
#2184=CARTESIAN_POINT('',(14.4,10.2000001341105,-14.7125034985204));
#2185=CARTESIAN_POINT('Origin',(29.1,10.2000001341105,-14.7125034985204));
#2186=CARTESIAN_POINT('',(29.1,10.2000001341105,-14.7125034985204));
#2187=CARTESIAN_POINT('',(38.,12.6000001341106,-14.7125034985204));
#2188=CARTESIAN_POINT('Origin',(13.6,10.2000001341105,-4.212503498467));
#2189=CARTESIAN_POINT('',(13.6,10.2000001341105,-11.3607954081285));
#2190=CARTESIAN_POINT('',(13.6,10.2000001341105,-4.212503498467));
#2191=CARTESIAN_POINT('',(13.6,10.2000001341105,1.23749650150634));
#2192=CARTESIAN_POINT('',(13.6,10.7528894390177,-13.5125034985204));
#2193=CARTESIAN_POINT('',(13.6,9.31961373195053,-7.9345498154118));
#2194=CARTESIAN_POINT('',(13.6,10.2000001341105,-13.5125034985204));
#2195=CARTESIAN_POINT('',(13.6,10.2000001341105,-4.212503498467));
#2196=CARTESIAN_POINT('Origin',(13.6,10.2000001341105,-13.5125034985204));
#2197=CARTESIAN_POINT('',(25.5999999999999,10.7528894390177,-13.5125034985204));
#2198=CARTESIAN_POINT('',(6.8,10.7528894390177,-13.5125034985203));
#2199=CARTESIAN_POINT('',(25.5999999999999,10.2000001341105,-13.5125034985204));
#2200=CARTESIAN_POINT('Origin',(25.6,10.2000001341105,-13.5125034984137));
#2201=CARTESIAN_POINT('',(25.6,10.2000001341105,-4.21250349846697));
#2202=CARTESIAN_POINT('',(25.6,10.2000001341105,-11.3607954081285));
#2203=CARTESIAN_POINT('',(25.6,10.2000001341105,-3.412503498467));
#2204=CARTESIAN_POINT('',(25.6,10.2000001341105,-4.21250349846697));
#2205=CARTESIAN_POINT('',(25.6,10.4404452145944,-12.2965480450129));
#2206=CARTESIAN_POINT('Origin',(25.6,10.2000001341105,-4.21250349846697));
#2207=CARTESIAN_POINT('',(12.8,10.2000001341105,-4.212503498467));
#2208=CARTESIAN_POINT('Origin',(14.4,10.2000001341105,-24.8825912977884));
#2209=CARTESIAN_POINT('Origin',(29.0999999999897,10.2000001341105,-13.5125034984989));
#2210=CARTESIAN_POINT('Origin',(0.,10.2000001341105,6.68749650147967));
#2211=CARTESIAN_POINT('',(0.,10.2000001341105,-11.3607954081285));
#2212=CARTESIAN_POINT('Origin',(0.,10.1622446673224,-11.2138604925434));
#2213=CARTESIAN_POINT('Origin',(0.,15.0000001341104,-21.1125034985204));
#2214=CARTESIAN_POINT('',(0.,15.0000001341104,-19.5125034985204));
#2215=CARTESIAN_POINT('Origin',(0.,15.0000001341104,-21.1125034985204));
#2216=CARTESIAN_POINT('',(0.,15.0000001341104,-19.5125034985204));
#2217=CARTESIAN_POINT('Origin',(0.,15.0000001341104,-21.1125034985204));
#2218=CARTESIAN_POINT('',(38.,15.0000001341104,-19.5125034985204));
#2219=CARTESIAN_POINT('Origin',(38.,15.0000001341104,-21.1125034985204));
#2220=CARTESIAN_POINT('',(39.2,15.0000001341104,-19.5125034985204));
#2221=CARTESIAN_POINT('',(0.,15.0000001341104,-19.5125034985204));
#2222=CARTESIAN_POINT('Origin',(39.2,15.0000001341104,-21.1125034985204));
#2223=CARTESIAN_POINT('Origin',(38.,15.0000001341108,-9.71871310640045));
#2224=CARTESIAN_POINT('Origin',(39.2,15.0000001341108,-9.71871310640045));
#2225=CARTESIAN_POINT('Origin',(0.,15.0000001341108,-9.71871310640045));
#2226=CARTESIAN_POINT('Origin',(23.1795716689757,24.0000001341106,-8.85756455833885));
#2227=CARTESIAN_POINT('',(23.1795716689757,24.0000001341106,-8.85756455833885));
#2228=CARTESIAN_POINT('',(21.3897858344878,24.0000001341106,-5.75756455833884));
#2229=CARTESIAN_POINT('',(22.7797207722382,24.0000001341107,-8.16500248973749));
#2230=CARTESIAN_POINT('',(23.1795716689757,22.0000001341106,-8.85756455833886));
#2231=CARTESIAN_POINT('',(23.1795716689757,24.0000001341106,-8.85756455833885));
#2232=CARTESIAN_POINT('',(21.3897858344878,22.0000001341106,-5.75756455833885));
#2233=CARTESIAN_POINT('',(21.3897858344878,22.0000001341106,-5.75756455833885));
#2234=CARTESIAN_POINT('',(21.3897858344878,24.0000001341106,-5.75756455833884));
#2235=CARTESIAN_POINT('Origin',(21.3897858344878,24.0000001341107,-11.9575645583388));
#2236=CARTESIAN_POINT('',(21.3897858344878,24.0000001341107,-11.9575645583388));
#2237=CARTESIAN_POINT('',(21.7896367312254,24.0000001341107,-11.2650024897375));
#2238=CARTESIAN_POINT('',(21.3897858344878,22.0000001341107,-11.9575645583389));
#2239=CARTESIAN_POINT('',(21.3897858344878,24.0000001341107,-11.9575645583388));
#2240=CARTESIAN_POINT('',(23.1795716689757,22.0000001341106,-8.85756455833886));
#2241=CARTESIAN_POINT('Origin',(17.8102141655122,24.0000001341107,-11.9575645583388));
#2242=CARTESIAN_POINT('',(17.8102141655122,24.0000001341107,-11.9575645583388));
#2243=CARTESIAN_POINT('',(18.7051070827561,24.0000001341107,-11.9575645583388));
#2244=CARTESIAN_POINT('',(17.8102141655122,22.0000001341107,-11.9575645583389));
#2245=CARTESIAN_POINT('',(17.8102141655122,24.0000001341107,-11.9575645583388));
#2246=CARTESIAN_POINT('',(21.3897858344878,22.0000001341107,-11.9575645583389));
#2247=CARTESIAN_POINT('Origin',(16.0204283310243,24.0000001341106,-8.85756455833885));
#2248=CARTESIAN_POINT('',(16.0204283310243,24.0000001341106,-8.85756455833885));
#2249=CARTESIAN_POINT('',(16.5154703515307,24.0000001341107,-9.7150024897375));
#2250=CARTESIAN_POINT('',(16.0204283310243,22.0000001341106,-8.85756455833886));
#2251=CARTESIAN_POINT('',(16.0204283310243,24.0000001341106,-8.85756455833885));
#2252=CARTESIAN_POINT('',(17.8102141655122,22.0000001341107,-11.9575645583389));
#2253=CARTESIAN_POINT('Origin',(17.8102141655122,24.0000001341106,-5.75756455833884));
#2254=CARTESIAN_POINT('',(17.8102141655122,24.0000001341106,-5.75756455833884));
#2255=CARTESIAN_POINT('',(17.3151721450058,24.0000001341107,-6.61500248973749));
#2256=CARTESIAN_POINT('',(17.8102141655122,22.0000001341106,-5.75756455833886));
#2257=CARTESIAN_POINT('',(17.8102141655122,24.0000001341106,-5.75756455833884));
#2258=CARTESIAN_POINT('',(16.0204283310243,22.0000001341106,-8.85756455833886));
#2259=CARTESIAN_POINT('Origin',(21.3897858344878,24.0000001341106,-5.75756455833884));
#2260=CARTESIAN_POINT('',(20.4948929172439,24.0000001341107,-5.75756455833884));
#2261=CARTESIAN_POINT('',(17.8102141655122,22.0000001341106,-5.75756455833886));
#2262=CARTESIAN_POINT('Origin',(19.6,22.0000001341106,-8.85756455833886));
#2263=CARTESIAN_POINT('',(21.3,22.0000001341106,-8.85756455833894));
#2264=CARTESIAN_POINT('Origin',(19.6,22.0000001341106,-8.8575645583388));
#2265=CARTESIAN_POINT('Origin',(19.6,21.0000001341107,-8.85756455833881));
#2266=CARTESIAN_POINT('',(21.3,21.0000001341107,-8.85756455833881));
#2267=CARTESIAN_POINT('',(21.3,21.0000001341107,-8.85756455833881));
#2268=CARTESIAN_POINT('Origin',(19.6,21.0000001341107,-8.85756455833881));
#2269=CARTESIAN_POINT('Origin',(39.2,21.0000001341108,-15.7125034985202));
#2270=CARTESIAN_POINT('',(0.,21.0000001341108,-15.7125034985202));
#2271=CARTESIAN_POINT('',(39.2,21.0000001341108,-15.7125034985202));
#2272=CARTESIAN_POINT('',(0.,21.0000001341108,-15.7125034985202));
#2273=CARTESIAN_POINT('',(0.,24.0000001341108,-15.7125034985202));
#2274=CARTESIAN_POINT('',(0.,21.0000001341108,-15.7125034985202));
#2275=CARTESIAN_POINT('',(39.2,24.0000001341108,-15.7125034985202));
#2276=CARTESIAN_POINT('',(0.,24.0000001341108,-15.7125034985202));
#2277=CARTESIAN_POINT('',(39.2,21.0000001341108,-15.7125034985202));
#2278=CARTESIAN_POINT('Origin',(39.2,21.0000001341106,-2.44229458561702));
#2279=CARTESIAN_POINT('',(39.2,21.0000001341106,-2.44229458561702));
#2280=CARTESIAN_POINT('',(39.2,21.0000001341105,5.28749650147988));
#2281=CARTESIAN_POINT('',(39.2,24.0000001341106,-2.44229458561698));
#2282=CARTESIAN_POINT('',(39.2,24.0000001341105,5.28749650147992));
#2283=CARTESIAN_POINT('',(39.2,21.0000001341106,-2.44229458561702));
#2284=CARTESIAN_POINT('Origin',(0.,21.0000001341106,-2.44229458561702));
#2285=CARTESIAN_POINT('',(0.,21.0000001341106,-2.44229458561702));
#2286=CARTESIAN_POINT('',(0.,21.0000001341106,-2.44229458561702));
#2287=CARTESIAN_POINT('',(0.,24.0000001341106,-2.44229458561698));
#2288=CARTESIAN_POINT('',(0.,24.0000001341106,-2.44229458561698));
#2289=CARTESIAN_POINT('',(0.,21.0000001341106,-2.44229458561702));
#2290=CARTESIAN_POINT('Origin',(0.,21.0000001341108,-15.7125034985202));
#2291=CARTESIAN_POINT('',(0.,21.0000001341105,5.28749650147988));
#2292=CARTESIAN_POINT('',(0.,24.0000001341105,5.28749650147992));
#2293=CARTESIAN_POINT('Origin',(19.6,24.0000001341107,-9.07739904206857));
#2294=CARTESIAN_POINT('Origin',(19.6,21.0000001341107,-9.07739904206861));
#2295=UNCERTAINTY_MEASURE_WITH_UNIT(LENGTH_MEASURE(0.01),#2299,
'DISTANCE_ACCURACY_VALUE',
'Maximum model space distance between geometric entities at asserted c
onnectivities');
#2296=UNCERTAINTY_MEASURE_WITH_UNIT(LENGTH_MEASURE(0.01),#2299,
'DISTANCE_ACCURACY_VALUE',
'Maximum model space distance between geometric entities at asserted c
onnectivities');
#2297=(
GEOMETRIC_REPRESENTATION_CONTEXT(3)
GLOBAL_UNCERTAINTY_ASSIGNED_CONTEXT((#2295))
GLOBAL_UNIT_ASSIGNED_CONTEXT((#2299,#2301,#2302))
REPRESENTATION_CONTEXT('','3D')
);
#2298=(
GEOMETRIC_REPRESENTATION_CONTEXT(3)
GLOBAL_UNCERTAINTY_ASSIGNED_CONTEXT((#2296))
GLOBAL_UNIT_ASSIGNED_CONTEXT((#2299,#2301,#2302))
REPRESENTATION_CONTEXT('','3D')
);
#2299=(
LENGTH_UNIT()
NAMED_UNIT(*)
SI_UNIT(.MILLI.,.METRE.)
);
#2300=(
LENGTH_UNIT()
NAMED_UNIT(*)
SI_UNIT($,.METRE.)
);
#2301=(
NAMED_UNIT(*)
PLANE_ANGLE_UNIT()
SI_UNIT($,.RADIAN.)
);
#2302=(
NAMED_UNIT(*)
SI_UNIT($,.STERADIAN.)
SOLID_ANGLE_UNIT()
);
#2303=SHAPE_DEFINITION_REPRESENTATION(#2304,#2305);
#2304=PRODUCT_DEFINITION_SHAPE('',$,#2307);
#2305=SHAPE_REPRESENTATION('',(#1455),#2297);
#2306=PRODUCT_DEFINITION_CONTEXT('part definition',#2311,'design');
#2307=PRODUCT_DEFINITION('Sproket Guide','Sproket Guide v17',#2308,#2306);
#2308=PRODUCT_DEFINITION_FORMATION('',$,#2313);
#2309=PRODUCT_RELATED_PRODUCT_CATEGORY('Sproket Guide v17',
'Sproket Guide v17',(#2313));
#2310=APPLICATION_PROTOCOL_DEFINITION('international standard',
'automotive_design',2009,#2311);
#2311=APPLICATION_CONTEXT(
'Core Data for Automotive Mechanical Design Process');
#2312=PRODUCT_CONTEXT('part definition',#2311,'mechanical');
#2313=PRODUCT('Sproket Guide','Sproket Guide v17',$,(#2312));
#2314=PRESENTATION_STYLE_ASSIGNMENT((#2315));
#2315=SURFACE_STYLE_USAGE(.BOTH.,#2316);
#2316=SURFACE_SIDE_STYLE('',(#2317));
#2317=SURFACE_STYLE_FILL_AREA(#2318);
#2318=FILL_AREA_STYLE('Steel - Satin',(#2319));
#2319=FILL_AREA_STYLE_COLOUR('Steel - Satin',#2320);
#2320=COLOUR_RGB('Steel - Satin',0.627450980392157,0.627450980392157,0.627450980392157);
ENDSEC;
END-ISO-10303-21;
