ISO-10303-21;
HEADER;
/* Generated by software containing ST-Developer
 * from STEP Tools, Inc. (www.steptools.com) 
 */

FILE_DESCRIPTION(
/* description */ (''),
/* implementation_level */ '2;1');

FILE_NAME(
/* name */ 'Turret.step',
/* time_stamp */ '2026-07-11T23:06:15+09:00',
/* author */ (''),
/* organization */ (''),
/* preprocessor_version */ 'ST-DEVELOPER v20.1',
/* originating_system */ 'Autodesk Translation Framework v15.8.0.0',
/* authorisation */ '');

FILE_SCHEMA (('AUTOMOTIVE_DESIGN { 1 0 10303 214 3 1 1 }'));
ENDSEC;

DATA;
#10=MECHANICAL_DESIGN_GEOMETRIC_PRESENTATION_REPRESENTATION('',(#44,#45),
#2773);
#11=ITEM_DEFINED_TRANSFORMATION($,$,#1466,#1626);
#12=ITEM_DEFINED_TRANSFORMATION($,$,#1544,#1627);
#13=(
REPRESENTATION_RELATIONSHIP($,$,#2787,#2786)
REPRESENTATION_RELATIONSHIP_WITH_TRANSFORMATION(#11)
SHAPE_REPRESENTATION_RELATIONSHIP()
);
#14=(
REPRESENTATION_RELATIONSHIP($,$,#2788,#2786)
REPRESENTATION_RELATIONSHIP_WITH_TRANSFORMATION(#12)
SHAPE_REPRESENTATION_RELATIONSHIP()
);
#15=CONTEXT_DEPENDENT_SHAPE_REPRESENTATION(#13,#2784);
#16=CONTEXT_DEPENDENT_SHAPE_REPRESENTATION(#14,#2785);
#17=NEXT_ASSEMBLY_USAGE_OCCURRENCE('Body:1','Body:1','Body:1',#2790,#2791,
'Body:1');
#18=NEXT_ASSEMBLY_USAGE_OCCURRENCE('Cover:1','Cover:1','Cover:1',#2790,
#2792,'Cover:1');
#19=(
BOUNDED_CURVE()
B_SPLINE_CURVE(2,(#2575,#2576,#2577),.UNSPECIFIED.,.F.,.F.)
B_SPLINE_CURVE_WITH_KNOTS((3,3),(0.,0.0613322980973438),.UNSPECIFIED.)
CURVE()
GEOMETRIC_REPRESENTATION_ITEM()
RATIONAL_B_SPLINE_CURVE((1.,1.0005424213874,1.00092883285358))
REPRESENTATION_ITEM('')
);
#20=(
BOUNDED_CURVE()
B_SPLINE_CURVE(2,(#2580,#2581,#2582),.UNSPECIFIED.,.F.,.F.)
B_SPLINE_CURVE_WITH_KNOTS((3,3),(0.365152760887859,0.426485058985453),
 .UNSPECIFIED.)
CURVE()
GEOMETRIC_REPRESENTATION_ITEM()
RATIONAL_B_SPLINE_CURVE((1.00092883285155,1.00054242138621,1.))
REPRESENTATION_ITEM('')
);
#21=(
BOUNDED_CURVE()
B_SPLINE_CURVE(2,(#2585,#2586,#2587),.UNSPECIFIED.,.F.,.F.)
B_SPLINE_CURVE_WITH_KNOTS((3,3),(0.,0.0569712463866037),.UNSPECIFIED.)
CURVE()
GEOMETRIC_REPRESENTATION_ITEM()
RATIONAL_B_SPLINE_CURVE((1.,1.00009144174246,1.))
REPRESENTATION_ITEM('')
);
#22=(
BOUNDED_CURVE()
B_SPLINE_CURVE(2,(#2595,#2596,#2597),.UNSPECIFIED.,.F.,.F.)
B_SPLINE_CURVE_WITH_KNOTS((3,3),(0.,0.0569712463866036),.UNSPECIFIED.)
CURVE()
GEOMETRIC_REPRESENTATION_ITEM()
RATIONAL_B_SPLINE_CURVE((1.,1.00009144168214,1.))
REPRESENTATION_ITEM('')
);
#23=(
BOUNDED_CURVE()
B_SPLINE_CURVE(2,(#2601,#2602,#2603),.UNSPECIFIED.,.F.,.F.)
B_SPLINE_CURVE_WITH_KNOTS((3,3),(0.,0.06133229809837),.UNSPECIFIED.)
CURVE()
GEOMETRIC_REPRESENTATION_ITEM()
RATIONAL_B_SPLINE_CURVE((1.,1.00054242138536,1.00092883285008))
REPRESENTATION_ITEM('')
);
#24=(
BOUNDED_CURVE()
B_SPLINE_CURVE(2,(#2606,#2607,#2608),.UNSPECIFIED.,.F.,.F.)
B_SPLINE_CURVE_WITH_KNOTS((3,3),(0.365152760887184,0.426485058985452),
 .UNSPECIFIED.)
CURVE()
GEOMETRIC_REPRESENTATION_ITEM()
RATIONAL_B_SPLINE_CURVE((1.00092883285071,1.00054242138572,1.))
REPRESENTATION_ITEM('')
);
#25=(
BOUNDED_CURVE()
B_SPLINE_CURVE(2,(#2611,#2612,#2613),.UNSPECIFIED.,.F.,.F.)
B_SPLINE_CURVE_WITH_KNOTS((3,3),(0.,0.056971246386604),.UNSPECIFIED.)
CURVE()
GEOMETRIC_REPRESENTATION_ITEM()
RATIONAL_B_SPLINE_CURVE((1.,1.00009144152671,1.))
REPRESENTATION_ITEM('')
);
#26=(
BOUNDED_CURVE()
B_SPLINE_CURVE(2,(#2621,#2622,#2623),.UNSPECIFIED.,.F.,.F.)
B_SPLINE_CURVE_WITH_KNOTS((3,3),(0.,0.0569712463866034),.UNSPECIFIED.)
CURVE()
GEOMETRIC_REPRESENTATION_ITEM()
RATIONAL_B_SPLINE_CURVE((1.,1.00009144155801,1.))
REPRESENTATION_ITEM('')
);
#27=(
BOUNDED_CURVE()
B_SPLINE_CURVE(2,(#2625,#2626,#2627),.UNSPECIFIED.,.F.,.F.)
B_SPLINE_CURVE_WITH_KNOTS((3,3),(0.,0.0569712463866034),.UNSPECIFIED.)
CURVE()
GEOMETRIC_REPRESENTATION_ITEM()
RATIONAL_B_SPLINE_CURVE((1.,1.00009144137399,1.))
REPRESENTATION_ITEM('')
);
#28=(
BOUNDED_CURVE()
B_SPLINE_CURVE(2,(#2631,#2632,#2633),.UNSPECIFIED.,.F.,.F.)
B_SPLINE_CURVE_WITH_KNOTS((3,3),(0.,0.0613322980976095),.UNSPECIFIED.)
CURVE()
GEOMETRIC_REPRESENTATION_ITEM()
RATIONAL_B_SPLINE_CURVE((1.,1.00054242138619,1.00092883285152))
REPRESENTATION_ITEM('')
);
#29=(
BOUNDED_CURVE()
B_SPLINE_CURVE(2,(#2636,#2637,#2638),.UNSPECIFIED.,.F.,.F.)
B_SPLINE_CURVE_WITH_KNOTS((3,3),(0.365152760887758,0.426485058985452),
 .UNSPECIFIED.)
CURVE()
GEOMETRIC_REPRESENTATION_ITEM()
RATIONAL_B_SPLINE_CURVE((1.000928832851,1.00054242138589,1.))
REPRESENTATION_ITEM('')
);
#30=(
BOUNDED_CURVE()
B_SPLINE_CURVE(2,(#2647,#2648,#2649),.UNSPECIFIED.,.F.,.F.)
B_SPLINE_CURVE_WITH_KNOTS((3,3),(0.,0.0569712463866033),.UNSPECIFIED.)
CURVE()
GEOMETRIC_REPRESENTATION_ITEM()
RATIONAL_B_SPLINE_CURVE((1.,1.00009144174385,1.))
REPRESENTATION_ITEM('')
);
#31=CONICAL_SURFACE('',#1545,2.,0.785398163397448);
#32=CONICAL_SURFACE('',#1552,2.,0.785398163397448);
#33=CONICAL_SURFACE('',#1556,10.2,0.785398163397449);
#34=CONICAL_SURFACE('',#1570,16.2,0.785398163397449);
#35=CONICAL_SURFACE('',#1573,15.,0.785398163397454);
#36=CONICAL_SURFACE('',#1575,16.2,0.785398163397449);
#37=CONICAL_SURFACE('',#1578,15.,0.785398163397449);
#38=CONICAL_SURFACE('',#1580,16.2,0.785398163397449);
#39=CONICAL_SURFACE('',#1583,15.,0.785398163397446);
#40=SHAPE_REPRESENTATION_RELATIONSHIP('SRR','None',#2787,#42);
#41=SHAPE_REPRESENTATION_RELATIONSHIP('SRR','None',#2788,#43);
#42=ADVANCED_BREP_SHAPE_REPRESENTATION('',(#46),#2771);
#43=ADVANCED_BREP_SHAPE_REPRESENTATION('',(#47),#2772);
#44=STYLED_ITEM('',(#2805),#46);
#45=STYLED_ITEM('',(#2805),#47);
#46=MANIFOLD_SOLID_BREP('Body1',#1440);
#47=MANIFOLD_SOLID_BREP('Body1',#1441);
#48=B_SPLINE_SURFACE_WITH_KNOTS('',3,1,((#2357,#2358),(#2359,#2360),(#2361,
#2362),(#2363,#2364),(#2365,#2366),(#2367,#2368),(#2369,#2370),(#2371,#2372),
(#2373,#2374),(#2375,#2376),(#2377,#2378),(#2379,#2380)),.UNSPECIFIED.,
 .F.,.F.,.F.,(4,2,2,2,2,4),(2,2),(4.59808247045917,4.64380508786912,4.68952770527907,
4.73525032268902,4.78097294009897,4.82669555750892),(0.,0.4),
 .UNSPECIFIED.);
#49=B_SPLINE_SURFACE_WITH_KNOTS('',3,1,((#2440,#2441),(#2442,#2443),(#2444,
#2445),(#2446,#2447),(#2448,#2449),(#2450,#2451),(#2452,#2453),(#2454,#2455),
(#2456,#2457),(#2458,#2459),(#2460,#2461),(#2462,#2463)),.UNSPECIFIED.,
 .F.,.F.,.F.,(4,2,2,2,2,4),(2,2),(1.45647477873315,1.50220338824299,1.54793199775284,
1.59366060726269,1.63938921677253,1.68511782628238),(0.,0.560999942302704),
 .UNSPECIFIED.);
#50=FACE_BOUND('',#221,.T.);
#51=FACE_BOUND('',#223,.T.);
#52=FACE_BOUND('',#229,.T.);
#53=FACE_BOUND('',#237,.T.);
#54=FACE_BOUND('',#245,.T.);
#55=FACE_BOUND('',#249,.T.);
#56=FACE_BOUND('',#252,.T.);
#57=FACE_BOUND('',#255,.T.);
#58=FACE_BOUND('',#256,.T.);
#59=FACE_BOUND('',#285,.T.);
#60=PLANE('',#1476);
#61=PLANE('',#1483);
#62=PLANE('',#1490);
#63=PLANE('',#1496);
#64=PLANE('',#1502);
#65=PLANE('',#1506);
#66=PLANE('',#1511);
#67=PLANE('',#1513);
#68=PLANE('',#1523);
#69=PLANE('',#1524);
#70=PLANE('',#1527);
#71=PLANE('',#1533);
#72=PLANE('',#1536);
#73=PLANE('',#1537);
#74=PLANE('',#1538);
#75=PLANE('',#1539);
#76=PLANE('',#1540);
#77=PLANE('',#1541);
#78=PLANE('',#1542);
#79=PLANE('',#1543);
#80=PLANE('',#1550);
#81=PLANE('',#1554);
#82=PLANE('',#1559);
#83=PLANE('',#1572);
#84=PLANE('',#1577);
#85=PLANE('',#1582);
#86=PLANE('',#1606);
#87=PLANE('',#1613);
#88=PLANE('',#1618);
#89=PLANE('',#1624);
#90=PLANE('',#1625);
#91=B_SPLINE_CURVE_WITH_KNOTS('',3,(#2064,#2065,#2066,#2067,#2068,#2069,
#2070,#2071,#2072,#2073,#2074,#2075),.UNSPECIFIED.,.F.,.F.,(4,2,2,2,2,4),
(0.3102031917176,0.321144726034051,0.333847088121982,0.370787955453948,
0.421519509848749,0.475253314367239),.UNSPECIFIED.);
#92=B_SPLINE_CURVE_WITH_KNOTS('',3,(#2101,#2102,#2103,#2104,#2105,#2106,
#2107,#2108,#2109,#2110,#2111,#2112),.UNSPECIFIED.,.F.,.F.,(4,2,2,2,2,4),
(0.144477735318139,0.198211540945344,0.248943096196978,0.285883963771261,
0.298586325803347,0.30952786002509),.UNSPECIFIED.);
#93=B_SPLINE_CURVE_WITH_KNOTS('',3,(#2139,#2140,#2141,#2142,#2143,#2144,
#2145,#2146,#2147,#2148),.UNSPECIFIED.,.F.,.F.,(4,2,2,2,4),(0.987323042602497,
1.08053534450659,1.16434015463497,1.24016099395965,1.31057678808563),
 .UNSPECIFIED.);
#94=B_SPLINE_CURVE_WITH_KNOTS('',3,(#2152,#2153,#2154,#2155,#2156,#2157,
#2158,#2159,#2160,#2161),.UNSPECIFIED.,.F.,.F.,(4,2,2,2,4),(1.20866181701057,
1.28192539900713,1.35636109806587,1.43241706833387,1.51018711002631),
 .UNSPECIFIED.);
#95=B_SPLINE_CURVE_WITH_KNOTS('',3,(#2167,#2168,#2169,#2170,#2171,#2172,
#2173,#2174,#2175,#2176),.UNSPECIFIED.,.F.,.F.,(4,2,2,2,4),(0.299680407495972,
0.376316197903064,0.452116079366113,0.526643786560252,0.600005627717468),
 .UNSPECIFIED.);
#96=B_SPLINE_CURVE_WITH_KNOTS('',3,(#2182,#2183,#2184,#2185,#2186,#2187,
#2188,#2189,#2190,#2191),.UNSPECIFIED.,.F.,.F.,(4,2,2,2,4),(0.911694140098015,
0.990319046213954,1.06679853944747,1.14130444508069,1.21440399222479),
 .UNSPECIFIED.);
#97=B_SPLINE_CURVE_WITH_KNOTS('',3,(#2197,#2198,#2199,#2200,#2201,#2202,
#2203,#2204,#2205,#2206),.UNSPECIFIED.,.F.,.F.,(4,2,2,2,4),(0.,0.0730995471441062,
0.14760545277732,0.224084946010838,0.302709852126777),.UNSPECIFIED.);
#98=B_SPLINE_CURVE_WITH_KNOTS('',3,(#2212,#2213,#2214,#2215,#2216,#2217,
#2218,#2219,#2220,#2221),.UNSPECIFIED.,.F.,.F.,(4,2,2,2,4),(0.600005627717468,
0.673367468874685,0.747895176068823,0.823695057531872,0.900330847938965),
 .UNSPECIFIED.);
#99=B_SPLINE_CURVE_WITH_KNOTS('',3,(#2225,#2226,#2227,#2228,#2229,#2230,
#2231,#2232,#2233,#2234),.UNSPECIFIED.,.F.,.F.,(4,2,2,2,4),(0.907136523994834,
0.984906565687276,1.06096253595527,1.13539823501401,1.20866181701057),
 .UNSPECIFIED.);
#100=B_SPLINE_CURVE_WITH_KNOTS('',3,(#2244,#2245,#2246,#2247,#2248,#2249,
#2250,#2251,#2252,#2253),.UNSPECIFIED.,.F.,.F.,(4,2,2,2,4),(1.31056595539491,
1.38098174952089,1.45680258884557,1.54060739897395,1.63381970087805),
 .UNSPECIFIED.);
#101=B_SPLINE_CURVE_WITH_KNOTS('',3,(#2259,#2260,#2261,#2262,#2263,#2264,
#2265,#2266,#2267,#2268),.UNSPECIFIED.,.F.,.F.,(4,2,2,2,4),(0.31257563058036,
0.399015144100425,0.481470749357649,0.557823782912207,0.628753509386617),
 .UNSPECIFIED.);
#102=B_SPLINE_CURVE_WITH_KNOTS('',3,(#2274,#2275,#2276,#2277,#2278,#2279,
#2280,#2281,#2282,#2283),.UNSPECIFIED.,.F.,.F.,(4,2,2,2,4),(1.02186169506581,
1.12093460640511,1.20725556969563,1.28342799077811,1.35295893436793),
 .UNSPECIFIED.);
#103=B_SPLINE_CURVE_WITH_KNOTS('',3,(#2295,#2296,#2297,#2298,#2299,#2300,
#2301,#2302,#2303,#2304),.UNSPECIFIED.,.F.,.F.,(4,2,2,2,4),(0.,0.0695309435898239,
0.145703364672302,0.232024327962821,0.33109723930212),.UNSPECIFIED.);
#104=B_SPLINE_CURVE_WITH_KNOTS('',3,(#2311,#2312,#2313,#2314,#2315,#2316,
#2317,#2318,#2319,#2320),.UNSPECIFIED.,.F.,.F.,(4,2,2,2,4),(0.628762636028062,
0.699692362502473,0.776045396057031,0.858501001314255,0.94494051483432),
 .UNSPECIFIED.);
#105=B_SPLINE_CURVE_WITH_KNOTS('',3,(#2325,#2326,#2327,#2328,#2329,#2330,
#2331,#2332,#2333,#2334,#2335,#2336),.UNSPECIFIED.,.F.,.F.,(4,2,2,2,2,4),
(4.59808247045917,4.64380508786912,4.68952770527907,4.73525032268902,4.78097294009897,
4.82669555750892),.UNSPECIFIED.);
#106=B_SPLINE_CURVE_WITH_KNOTS('',3,(#2340,#2341,#2342,#2343,#2344,#2345,
#2346,#2347,#2348,#2349,#2350,#2351),.UNSPECIFIED.,.F.,.F.,(4,2,2,2,2,4),
(4.59808247045917,4.64380508786912,4.68952770527907,4.73525032268902,4.78097294009897,
4.82669555750892),.UNSPECIFIED.);
#107=B_SPLINE_CURVE_WITH_KNOTS('',3,(#2417,#2418,#2419,#2420,#2421,#2422,
#2423,#2424,#2425,#2426,#2427,#2428),.UNSPECIFIED.,.F.,.F.,(4,2,2,2,2,4),
(1.45647477873315,1.50220338824299,1.54793199775284,1.59366060726269,1.63938921677253,
1.68511782628238),.UNSPECIFIED.);
#108=B_SPLINE_CURVE_WITH_KNOTS('',3,(#2466,#2467,#2468,#2469,#2470,#2471,
#2472,#2473,#2474,#2475,#2476,#2477),.UNSPECIFIED.,.F.,.F.,(4,2,2,2,2,4),
(1.45647477873315,1.50220338824299,1.54793199775284,1.59366060726269,1.63938921677253,
1.68511782628238),.UNSPECIFIED.);
#109=B_SPLINE_CURVE_WITH_KNOTS('',3,(#2671,#2672,#2673,#2674,#2675,#2676,
#2677,#2678,#2679,#2680,#2681,#2682),.UNSPECIFIED.,.F.,.F.,(4,2,2,2,2,4),
(0.141893917360143,0.163170263333606,0.193736708933573,0.200408370687221,
0.203898571721865,0.20561465699622),.UNSPECIFIED.);
#110=B_SPLINE_CURVE_WITH_KNOTS('',3,(#2684,#2685,#2686,#2687,#2688,#2689,
#2690,#2691,#2692,#2693,#2694,#2695,#2696,#2697),.UNSPECIFIED.,.F.,.F.,
(4,2,2,2,2,2,4),(0.20561465699622,0.206738969946292,0.209997725753128,0.215599481298087,
0.237724865873096,0.269387838586248,0.269604184736096),.UNSPECIFIED.);
#111=B_SPLINE_CURVE_WITH_KNOTS('',3,(#2702,#2703,#2704,#2705,#2706,#2707,
#2708,#2709,#2710,#2711,#2712,#2713,#2714,#2715),.UNSPECIFIED.,.F.,.F.,
(4,2,2,2,2,2,4),(0.395613789463918,0.408073837528637,0.443007616538842,
0.467322494234332,0.490533991523055,0.521000123457798,0.544124189480868),
 .UNSPECIFIED.);
#112=TOROIDAL_SURFACE('',#1470,5.30000047683717,0.8);
#113=TOROIDAL_SURFACE('',#1477,5.3000006686778,0.8);
#114=TOROIDAL_SURFACE('',#1487,17.,2.);
#115=TOROIDAL_SURFACE('',#1493,17.,2.);
#116=TOROIDAL_SURFACE('',#1499,15.4,2.);
#117=TOROIDAL_SURFACE('',#1503,15.4,2.);
#118=TOROIDAL_SURFACE('',#1507,21.,2.);
#119=TOROIDAL_SURFACE('',#1509,21.,2.);
#120=TOROIDAL_SURFACE('',#1585,9.2,0.8);
#121=TOROIDAL_SURFACE('',#1587,10.,0.8);
#122=TOROIDAL_SURFACE('',#1594,11.6,0.8);
#123=TOROIDAL_SURFACE('',#1598,13.6,0.8);
#124=FACE_OUTER_BOUND('',#200,.T.);
#125=FACE_OUTER_BOUND('',#201,.T.);
#126=FACE_OUTER_BOUND('',#202,.T.);
#127=FACE_OUTER_BOUND('',#203,.T.);
#128=FACE_OUTER_BOUND('',#204,.T.);
#129=FACE_OUTER_BOUND('',#205,.T.);
#130=FACE_OUTER_BOUND('',#206,.T.);
#131=FACE_OUTER_BOUND('',#207,.T.);
#132=FACE_OUTER_BOUND('',#208,.T.);
#133=FACE_OUTER_BOUND('',#209,.T.);
#134=FACE_OUTER_BOUND('',#210,.T.);
#135=FACE_OUTER_BOUND('',#211,.T.);
#136=FACE_OUTER_BOUND('',#212,.T.);
#137=FACE_OUTER_BOUND('',#213,.T.);
#138=FACE_OUTER_BOUND('',#214,.T.);
#139=FACE_OUTER_BOUND('',#215,.T.);
#140=FACE_OUTER_BOUND('',#216,.T.);
#141=FACE_OUTER_BOUND('',#217,.T.);
#142=FACE_OUTER_BOUND('',#218,.T.);
#143=FACE_OUTER_BOUND('',#219,.T.);
#144=FACE_OUTER_BOUND('',#220,.T.);
#145=FACE_OUTER_BOUND('',#222,.T.);
#146=FACE_OUTER_BOUND('',#224,.T.);
#147=FACE_OUTER_BOUND('',#225,.T.);
#148=FACE_OUTER_BOUND('',#226,.T.);
#149=FACE_OUTER_BOUND('',#227,.T.);
#150=FACE_OUTER_BOUND('',#228,.T.);
#151=FACE_OUTER_BOUND('',#230,.T.);
#152=FACE_OUTER_BOUND('',#231,.T.);
#153=FACE_OUTER_BOUND('',#232,.T.);
#154=FACE_OUTER_BOUND('',#233,.T.);
#155=FACE_OUTER_BOUND('',#234,.T.);
#156=FACE_OUTER_BOUND('',#235,.T.);
#157=FACE_OUTER_BOUND('',#236,.T.);
#158=FACE_OUTER_BOUND('',#238,.T.);
#159=FACE_OUTER_BOUND('',#239,.T.);
#160=FACE_OUTER_BOUND('',#240,.T.);
#161=FACE_OUTER_BOUND('',#241,.T.);
#162=FACE_OUTER_BOUND('',#242,.T.);
#163=FACE_OUTER_BOUND('',#243,.T.);
#164=FACE_OUTER_BOUND('',#244,.T.);
#165=FACE_OUTER_BOUND('',#246,.T.);
#166=FACE_OUTER_BOUND('',#247,.T.);
#167=FACE_OUTER_BOUND('',#248,.T.);
#168=FACE_OUTER_BOUND('',#250,.T.);
#169=FACE_OUTER_BOUND('',#251,.T.);
#170=FACE_OUTER_BOUND('',#253,.T.);
#171=FACE_OUTER_BOUND('',#254,.T.);
#172=FACE_OUTER_BOUND('',#257,.T.);
#173=FACE_OUTER_BOUND('',#258,.T.);
#174=FACE_OUTER_BOUND('',#259,.T.);
#175=FACE_OUTER_BOUND('',#260,.T.);
#176=FACE_OUTER_BOUND('',#261,.T.);
#177=FACE_OUTER_BOUND('',#262,.T.);
#178=FACE_OUTER_BOUND('',#263,.T.);
#179=FACE_OUTER_BOUND('',#264,.T.);
#180=FACE_OUTER_BOUND('',#265,.T.);
#181=FACE_OUTER_BOUND('',#266,.T.);
#182=FACE_OUTER_BOUND('',#267,.T.);
#183=FACE_OUTER_BOUND('',#268,.T.);
#184=FACE_OUTER_BOUND('',#269,.T.);
#185=FACE_OUTER_BOUND('',#270,.T.);
#186=FACE_OUTER_BOUND('',#271,.T.);
#187=FACE_OUTER_BOUND('',#272,.T.);
#188=FACE_OUTER_BOUND('',#273,.T.);
#189=FACE_OUTER_BOUND('',#274,.T.);
#190=FACE_OUTER_BOUND('',#275,.T.);
#191=FACE_OUTER_BOUND('',#276,.T.);
#192=FACE_OUTER_BOUND('',#277,.T.);
#193=FACE_OUTER_BOUND('',#278,.T.);
#194=FACE_OUTER_BOUND('',#279,.T.);
#195=FACE_OUTER_BOUND('',#280,.T.);
#196=FACE_OUTER_BOUND('',#281,.T.);
#197=FACE_OUTER_BOUND('',#282,.T.);
#198=FACE_OUTER_BOUND('',#283,.T.);
#199=FACE_OUTER_BOUND('',#284,.T.);
#200=EDGE_LOOP('',(#916,#917,#918,#919));
#201=EDGE_LOOP('',(#920,#921,#922,#923));
#202=EDGE_LOOP('',(#924,#925,#926,#927,#928,#929,#930));
#203=EDGE_LOOP('',(#931,#932,#933,#934));
#204=EDGE_LOOP('',(#935,#936,#937,#938));
#205=EDGE_LOOP('',(#939,#940,#941,#942));
#206=EDGE_LOOP('',(#943,#944,#945,#946));
#207=EDGE_LOOP('',(#947,#948,#949,#950,#951,#952,#953));
#208=EDGE_LOOP('',(#954,#955,#956,#957));
#209=EDGE_LOOP('',(#958,#959,#960,#961,#962,#963,#964,#965,#966,#967,#968,
#969,#970,#971,#972,#973,#974,#975,#976,#977));
#210=EDGE_LOOP('',(#978,#979,#980,#981));
#211=EDGE_LOOP('',(#982,#983,#984,#985));
#212=EDGE_LOOP('',(#986,#987,#988,#989,#990,#991,#992,#993,#994,#995));
#213=EDGE_LOOP('',(#996,#997,#998,#999));
#214=EDGE_LOOP('',(#1000,#1001,#1002,#1003));
#215=EDGE_LOOP('',(#1004,#1005,#1006,#1007,#1008));
#216=EDGE_LOOP('',(#1009,#1010,#1011,#1012));
#217=EDGE_LOOP('',(#1013,#1014,#1015,#1016,#1017));
#218=EDGE_LOOP('',(#1018,#1019,#1020,#1021));
#219=EDGE_LOOP('',(#1022,#1023,#1024,#1025));
#220=EDGE_LOOP('',(#1026,#1027,#1028,#1029,#1030,#1031));
#221=EDGE_LOOP('',(#1032));
#222=EDGE_LOOP('',(#1033,#1034,#1035,#1036,#1037,#1038,#1039,#1040));
#223=EDGE_LOOP('',(#1041));
#224=EDGE_LOOP('',(#1042,#1043,#1044,#1045));
#225=EDGE_LOOP('',(#1046,#1047,#1048,#1049,#1050,#1051));
#226=EDGE_LOOP('',(#1052,#1053,#1054,#1055,#1056,#1057,#1058,#1059,#1060,
#1061,#1062,#1063,#1064,#1065,#1066,#1067));
#227=EDGE_LOOP('',(#1068,#1069,#1070,#1071,#1072,#1073,#1074,#1075,#1076,
#1077));
#228=EDGE_LOOP('',(#1078,#1079,#1080,#1081,#1082));
#229=EDGE_LOOP('',(#1083,#1084,#1085,#1086,#1087,#1088,#1089,#1090,#1091,
#1092,#1093,#1094,#1095,#1096,#1097));
#230=EDGE_LOOP('',(#1098,#1099,#1100,#1101));
#231=EDGE_LOOP('',(#1102,#1103,#1104,#1105));
#232=EDGE_LOOP('',(#1106,#1107,#1108,#1109));
#233=EDGE_LOOP('',(#1110,#1111,#1112,#1113));
#234=EDGE_LOOP('',(#1114,#1115,#1116,#1117));
#235=EDGE_LOOP('',(#1118,#1119,#1120,#1121));
#236=EDGE_LOOP('',(#1122,#1123,#1124,#1125,#1126,#1127));
#237=EDGE_LOOP('',(#1128));
#238=EDGE_LOOP('',(#1129));
#239=EDGE_LOOP('',(#1130,#1131,#1132,#1133));
#240=EDGE_LOOP('',(#1134,#1135,#1136,#1137));
#241=EDGE_LOOP('',(#1138,#1139,#1140,#1141));
#242=EDGE_LOOP('',(#1142,#1143,#1144,#1145));
#243=EDGE_LOOP('',(#1146,#1147,#1148,#1149));
#244=EDGE_LOOP('',(#1150,#1151,#1152,#1153,#1154));
#245=EDGE_LOOP('',(#1155));
#246=EDGE_LOOP('',(#1156,#1157,#1158,#1159));
#247=EDGE_LOOP('',(#1160,#1161,#1162,#1163));
#248=EDGE_LOOP('',(#1164));
#249=EDGE_LOOP('',(#1165));
#250=EDGE_LOOP('',(#1166,#1167,#1168,#1169));
#251=EDGE_LOOP('',(#1170));
#252=EDGE_LOOP('',(#1171));
#253=EDGE_LOOP('',(#1172,#1173,#1174,#1175));
#254=EDGE_LOOP('',(#1176,#1177,#1178,#1179,#1180,#1181,#1182,#1183,#1184,
#1185,#1186,#1187));
#255=EDGE_LOOP('',(#1188));
#256=EDGE_LOOP('',(#1189));
#257=EDGE_LOOP('',(#1190,#1191,#1192,#1193,#1194));
#258=EDGE_LOOP('',(#1195,#1196,#1197,#1198));
#259=EDGE_LOOP('',(#1199,#1200,#1201,#1202,#1203,#1204));
#260=EDGE_LOOP('',(#1205,#1206,#1207,#1208));
#261=EDGE_LOOP('',(#1209,#1210,#1211,#1212));
#262=EDGE_LOOP('',(#1213,#1214,#1215,#1216,#1217,#1218));
#263=EDGE_LOOP('',(#1219,#1220,#1221,#1222));
#264=EDGE_LOOP('',(#1223,#1224,#1225,#1226));
#265=EDGE_LOOP('',(#1227,#1228,#1229,#1230,#1231,#1232));
#266=EDGE_LOOP('',(#1233,#1234,#1235,#1236));
#267=EDGE_LOOP('',(#1237,#1238,#1239,#1240,#1241));
#268=EDGE_LOOP('',(#1242,#1243,#1244,#1245,#1246));
#269=EDGE_LOOP('',(#1247,#1248,#1249,#1250,#1251,#1252));
#270=EDGE_LOOP('',(#1253,#1254,#1255,#1256,#1257,#1258,#1259,#1260));
#271=EDGE_LOOP('',(#1261,#1262,#1263,#1264,#1265,#1266,#1267));
#272=EDGE_LOOP('',(#1268,#1269,#1270,#1271,#1272));
#273=EDGE_LOOP('',(#1273,#1274,#1275,#1276,#1277,#1278));
#274=EDGE_LOOP('',(#1279,#1280,#1281,#1282));
#275=EDGE_LOOP('',(#1283,#1284,#1285,#1286));
#276=EDGE_LOOP('',(#1287,#1288,#1289,#1290));
#277=EDGE_LOOP('',(#1291,#1292,#1293,#1294,#1295,#1296));
#278=EDGE_LOOP('',(#1297,#1298,#1299,#1300));
#279=EDGE_LOOP('',(#1301,#1302,#1303,#1304));
#280=EDGE_LOOP('',(#1305,#1306,#1307,#1308,#1309,#1310));
#281=EDGE_LOOP('',(#1311,#1312,#1313,#1314));
#282=EDGE_LOOP('',(#1315,#1316,#1317,#1318,#1319,#1320,#1321,#1322));
#283=EDGE_LOOP('',(#1323,#1324,#1325,#1326,#1327,#1328));
#284=EDGE_LOOP('',(#1329,#1330,#1331,#1332,#1333,#1334,#1335,#1336,#1337,
#1338,#1339,#1340));
#285=EDGE_LOOP('',(#1341));
#286=LINE('',#2057,#382);
#287=LINE('',#2060,#383);
#288=LINE('',#2080,#384);
#289=LINE('',#2082,#385);
#290=LINE('',#2086,#386);
#291=LINE('',#2088,#387);
#292=LINE('',#2092,#388);
#293=LINE('',#2093,#389);
#294=LINE('',#2118,#390);
#295=LINE('',#2119,#391);
#296=LINE('',#2122,#392);
#297=LINE('',#2124,#393);
#298=LINE('',#2125,#394);
#299=LINE('',#2128,#395);
#300=LINE('',#2132,#396);
#301=LINE('',#2134,#397);
#302=LINE('',#2165,#398);
#303=LINE('',#2178,#399);
#304=LINE('',#2180,#400);
#305=LINE('',#2192,#401);
#306=LINE('',#2193,#402);
#307=LINE('',#2195,#403);
#308=LINE('',#2208,#404);
#309=LINE('',#2210,#405);
#310=LINE('',#2223,#406);
#311=LINE('',#2235,#407);
#312=LINE('',#2238,#408);
#313=LINE('',#2257,#409);
#314=LINE('',#2270,#410);
#315=LINE('',#2272,#411);
#316=LINE('',#2284,#412);
#317=LINE('',#2285,#413);
#318=LINE('',#2308,#414);
#319=LINE('',#2352,#415);
#320=LINE('',#2356,#416);
#321=LINE('',#2384,#417);
#322=LINE('',#2388,#418);
#323=LINE('',#2393,#419);
#324=LINE('',#2397,#420);
#325=LINE('',#2400,#421);
#326=LINE('',#2404,#422);
#327=LINE('',#2406,#423);
#328=LINE('',#2408,#424);
#329=LINE('',#2410,#425);
#330=LINE('',#2411,#426);
#331=LINE('',#2413,#427);
#332=LINE('',#2431,#428);
#333=LINE('',#2434,#429);
#334=LINE('',#2435,#430);
#335=LINE('',#2438,#431);
#336=LINE('',#2465,#432);
#337=LINE('',#2482,#433);
#338=LINE('',#2486,#434);
#339=LINE('',#2487,#435);
#340=LINE('',#2495,#436);
#341=LINE('',#2496,#437);
#342=LINE('',#2497,#438);
#343=LINE('',#2500,#439);
#344=LINE('',#2501,#440);
#345=LINE('',#2504,#441);
#346=LINE('',#2505,#442);
#347=LINE('',#2508,#443);
#348=LINE('',#2509,#444);
#349=LINE('',#2511,#445);
#350=LINE('',#2518,#446);
#351=LINE('',#2523,#447);
#352=LINE('',#2530,#448);
#353=LINE('',#2538,#449);
#354=LINE('',#2545,#450);
#355=LINE('',#2549,#451);
#356=LINE('',#2553,#452);
#357=LINE('',#2557,#453);
#358=LINE('',#2561,#454);
#359=LINE('',#2564,#455);
#360=LINE('',#2571,#456);
#361=LINE('',#2589,#457);
#362=LINE('',#2591,#458);
#363=LINE('',#2592,#459);
#364=LINE('',#2615,#460);
#365=LINE('',#2617,#461);
#366=LINE('',#2618,#462);
#367=LINE('',#2641,#463);
#368=LINE('',#2643,#464);
#369=LINE('',#2644,#465);
#370=LINE('',#2661,#466);
#371=LINE('',#2727,#467);
#372=LINE('',#2730,#468);
#373=LINE('',#2732,#469);
#374=LINE('',#2733,#470);
#375=LINE('',#2740,#471);
#376=LINE('',#2744,#472);
#377=LINE('',#2745,#473);
#378=LINE('',#2750,#474);
#379=LINE('',#2754,#475);
#380=LINE('',#2755,#476);
#381=LINE('',#2761,#477);
#382=VECTOR('',#1636,10.);
#383=VECTOR('',#1639,10.);
#384=VECTOR('',#1648,10.);
#385=VECTOR('',#1649,10.);
#386=VECTOR('',#1652,10.);
#387=VECTOR('',#1653,10.);
#388=VECTOR('',#1658,10.);
#389=VECTOR('',#1659,10.);
#390=VECTOR('',#1672,10.);
#391=VECTOR('',#1673,10.);
#392=VECTOR('',#1676,10.);
#393=VECTOR('',#1677,10.);
#394=VECTOR('',#1678,10.);
#395=VECTOR('',#1681,10.);
#396=VECTOR('',#1684,10.);
#397=VECTOR('',#1685,10.);
#398=VECTOR('',#1696,10.);
#399=VECTOR('',#1697,10.);
#400=VECTOR('',#1698,10.);
#401=VECTOR('',#1699,10.);
#402=VECTOR('',#1700,10.);
#403=VECTOR('',#1701,10.);
#404=VECTOR('',#1702,10.);
#405=VECTOR('',#1703,10.);
#406=VECTOR('',#1704,10.);
#407=VECTOR('',#1705,10.);
#408=VECTOR('',#1708,10.);
#409=VECTOR('',#1719,10.);
#410=VECTOR('',#1720,10.);
#411=VECTOR('',#1721,10.);
#412=VECTOR('',#1722,10.);
#413=VECTOR('',#1723,10.);
#414=VECTOR('',#1744,10.);
#415=VECTOR('',#1759,10.);
#416=VECTOR('',#1764,0.90000005381619);
#417=VECTOR('',#1769,10.);
#418=VECTOR('',#1772,17.4);
#419=VECTOR('',#1777,10.);
#420=VECTOR('',#1780,10.);
#421=VECTOR('',#1785,10.);
#422=VECTOR('',#1788,10.);
#423=VECTOR('',#1789,10.);
#424=VECTOR('',#1790,10.);
#425=VECTOR('',#1791,10.);
#426=VECTOR('',#1792,10.);
#427=VECTOR('',#1793,10.);
#428=VECTOR('',#1798,10.);
#429=VECTOR('',#1801,10.);
#430=VECTOR('',#1802,10.);
#431=VECTOR('',#1805,10.);
#432=VECTOR('',#1808,10.);
#433=VECTOR('',#1813,0.899999936336866);
#434=VECTOR('',#1818,10.);
#435=VECTOR('',#1819,10.);
#436=VECTOR('',#1830,10.);
#437=VECTOR('',#1831,10.);
#438=VECTOR('',#1832,10.);
#439=VECTOR('',#1835,10.);
#440=VECTOR('',#1836,10.);
#441=VECTOR('',#1839,10.);
#442=VECTOR('',#1840,10.);
#443=VECTOR('',#1843,10.);
#444=VECTOR('',#1844,10.);
#445=VECTOR('',#1847,10.);
#446=VECTOR('',#1856,2.);
#447=VECTOR('',#1863,1.9);
#448=VECTOR('',#1872,2.);
#449=VECTOR('',#1881,10.2);
#450=VECTOR('',#1888,10.);
#451=VECTOR('',#1891,10.);
#452=VECTOR('',#1894,10.);
#453=VECTOR('',#1897,10.);
#454=VECTOR('',#1900,10.);
#455=VECTOR('',#1903,10.);
#456=VECTOR('',#1910,10.);
#457=VECTOR('',#1919,10.);
#458=VECTOR('',#1920,10.);
#459=VECTOR('',#1921,10.);
#460=VECTOR('',#1932,10.);
#461=VECTOR('',#1933,10.);
#462=VECTOR('',#1934,10.);
#463=VECTOR('',#1945,10.);
#464=VECTOR('',#1946,10.);
#465=VECTOR('',#1947,10.);
#466=VECTOR('',#1966,10.8);
#467=VECTOR('',#1995,14.4);
#468=VECTOR('',#1998,10.);
#469=VECTOR('',#1999,10.);
#470=VECTOR('',#2000,10.);
#471=VECTOR('',#2011,10.);
#472=VECTOR('',#2016,10.);
#473=VECTOR('',#2017,10.);
#474=VECTOR('',#2024,10.);
#475=VECTOR('',#2029,10.);
#476=VECTOR('',#2030,10.);
#477=VECTOR('',#2041,1.2);
#478=CIRCLE('',#1468,0.8);
#479=CIRCLE('',#1469,0.8);
#480=CIRCLE('',#1471,5.30000047683717);
#481=CIRCLE('',#1472,4.50000047683717);
#482=CIRCLE('',#1474,4.50000047683717);
#483=CIRCLE('',#1475,4.50000047683717);
#484=CIRCLE('',#1478,0.799999999999999);
#485=CIRCLE('',#1479,5.3000006686778);
#486=CIRCLE('',#1480,4.5000006686778);
#487=CIRCLE('',#1482,0.8);
#488=CIRCLE('',#1485,4.5000006686778);
#489=CIRCLE('',#1486,4.5000006686778);
#490=CIRCLE('',#1488,19.);
#491=CIRCLE('',#1489,17.);
#492=CIRCLE('',#1492,19.);
#493=CIRCLE('',#1494,19.);
#494=CIRCLE('',#1495,17.);
#495=CIRCLE('',#1498,19.);
#496=CIRCLE('',#1500,15.4);
#497=CIRCLE('',#1501,17.4);
#498=CIRCLE('',#1504,15.4);
#499=CIRCLE('',#1505,17.4);
#500=CIRCLE('',#1508,21.);
#501=CIRCLE('',#1510,21.);
#502=CIRCLE('',#1512,0.90000005381619);
#503=CIRCLE('',#1514,0.90000005381619);
#504=CIRCLE('',#1517,17.4);
#505=CIRCLE('',#1518,17.4);
#506=CIRCLE('',#1519,17.4);
#507=CIRCLE('',#1520,17.4);
#508=CIRCLE('',#1521,17.4);
#509=CIRCLE('',#1522,17.4);
#510=CIRCLE('',#1525,4.50000047683716);
#511=CIRCLE('',#1526,4.50000058301974);
#512=CIRCLE('',#1529,4.50000058301974);
#513=CIRCLE('',#1531,0.899999936336866);
#514=CIRCLE('',#1532,0.899999936336866);
#515=CIRCLE('',#1535,4.50000047683716);
#516=CIRCLE('',#1546,2.1);
#517=CIRCLE('',#1547,1.9);
#518=CIRCLE('',#1549,1.9);
#519=CIRCLE('',#1551,10.);
#520=CIRCLE('',#1553,2.1);
#521=CIRCLE('',#1555,9.2);
#522=CIRCLE('',#1557,10.);
#523=CIRCLE('',#1558,10.4);
#524=CIRCLE('',#1560,16.);
#525=CIRCLE('',#1561,14.8);
#526=CIRCLE('',#1562,16.);
#527=CIRCLE('',#1563,14.8);
#528=CIRCLE('',#1564,16.);
#529=CIRCLE('',#1565,14.8);
#530=CIRCLE('',#1566,1.2);
#531=CIRCLE('',#1568,10.);
#532=CIRCLE('',#1569,10.);
#533=CIRCLE('',#1571,16.4);
#534=CIRCLE('',#1574,15.2);
#535=CIRCLE('',#1576,16.4);
#536=CIRCLE('',#1579,15.2);
#537=CIRCLE('',#1581,16.4);
#538=CIRCLE('',#1584,15.2);
#539=CIRCLE('',#1586,0.8);
#540=CIRCLE('',#1588,0.8);
#541=CIRCLE('',#1589,10.8);
#542=CIRCLE('',#1590,10.8);
#543=CIRCLE('',#1592,10.8);
#544=CIRCLE('',#1593,10.8);
#545=CIRCLE('',#1595,0.8);
#546=CIRCLE('',#1596,11.6);
#547=CIRCLE('',#1597,11.6);
#548=CIRCLE('',#1599,13.6);
#549=CIRCLE('',#1600,0.8);
#550=CIRCLE('',#1601,14.4);
#551=CIRCLE('',#1602,14.4);
#552=CIRCLE('',#1603,13.6);
#553=CIRCLE('',#1605,14.4);
#554=CIRCLE('',#1608,16.4);
#555=CIRCLE('',#1610,15.2);
#556=CIRCLE('',#1612,15.2);
#557=CIRCLE('',#1615,16.4);
#558=CIRCLE('',#1617,15.2);
#559=CIRCLE('',#1620,16.4);
#560=CIRCLE('',#1622,1.2);
#561=CIRCLE('',#1623,1.2);
#562=VERTEX_POINT('',#2053);
#563=VERTEX_POINT('',#2054);
#564=VERTEX_POINT('',#2056);
#565=VERTEX_POINT('',#2058);
#566=VERTEX_POINT('',#2062);
#567=VERTEX_POINT('',#2063);
#568=VERTEX_POINT('',#2079);
#569=VERTEX_POINT('',#2081);
#570=VERTEX_POINT('',#2083);
#571=VERTEX_POINT('',#2085);
#572=VERTEX_POINT('',#2087);
#573=VERTEX_POINT('',#2091);
#574=VERTEX_POINT('',#2095);
#575=VERTEX_POINT('',#2096);
#576=VERTEX_POINT('',#2098);
#577=VERTEX_POINT('',#2100);
#578=VERTEX_POINT('',#2115);
#579=VERTEX_POINT('',#2116);
#580=VERTEX_POINT('',#2121);
#581=VERTEX_POINT('',#2123);
#582=VERTEX_POINT('',#2127);
#583=VERTEX_POINT('',#2129);
#584=VERTEX_POINT('',#2131);
#585=VERTEX_POINT('',#2133);
#586=VERTEX_POINT('',#2137);
#587=VERTEX_POINT('',#2138);
#588=VERTEX_POINT('',#2149);
#589=VERTEX_POINT('',#2151);
#590=VERTEX_POINT('',#2164);
#591=VERTEX_POINT('',#2166);
#592=VERTEX_POINT('',#2177);
#593=VERTEX_POINT('',#2179);
#594=VERTEX_POINT('',#2181);
#595=VERTEX_POINT('',#2194);
#596=VERTEX_POINT('',#2196);
#597=VERTEX_POINT('',#2207);
#598=VERTEX_POINT('',#2209);
#599=VERTEX_POINT('',#2211);
#600=VERTEX_POINT('',#2222);
#601=VERTEX_POINT('',#2224);
#602=VERTEX_POINT('',#2237);
#603=VERTEX_POINT('',#2241);
#604=VERTEX_POINT('',#2243);
#605=VERTEX_POINT('',#2256);
#606=VERTEX_POINT('',#2258);
#607=VERTEX_POINT('',#2269);
#608=VERTEX_POINT('',#2271);
#609=VERTEX_POINT('',#2273);
#610=VERTEX_POINT('',#2293);
#611=VERTEX_POINT('',#2294);
#612=VERTEX_POINT('',#2310);
#613=VERTEX_POINT('',#2337);
#614=VERTEX_POINT('',#2353);
#615=VERTEX_POINT('',#2382);
#616=VERTEX_POINT('',#2385);
#617=VERTEX_POINT('',#2387);
#618=VERTEX_POINT('',#2390);
#619=VERTEX_POINT('',#2392);
#620=VERTEX_POINT('',#2394);
#621=VERTEX_POINT('',#2396);
#622=VERTEX_POINT('',#2402);
#623=VERTEX_POINT('',#2403);
#624=VERTEX_POINT('',#2405);
#625=VERTEX_POINT('',#2407);
#626=VERTEX_POINT('',#2409);
#627=VERTEX_POINT('',#2412);
#628=VERTEX_POINT('',#2414);
#629=VERTEX_POINT('',#2416);
#630=VERTEX_POINT('',#2429);
#631=VERTEX_POINT('',#2433);
#632=VERTEX_POINT('',#2437);
#633=VERTEX_POINT('',#2464);
#634=VERTEX_POINT('',#2479);
#635=VERTEX_POINT('',#2481);
#636=VERTEX_POINT('',#2485);
#637=VERTEX_POINT('',#2493);
#638=VERTEX_POINT('',#2494);
#639=VERTEX_POINT('',#2499);
#640=VERTEX_POINT('',#2503);
#641=VERTEX_POINT('',#2507);
#642=VERTEX_POINT('',#2515);
#643=VERTEX_POINT('',#2517);
#644=VERTEX_POINT('',#2521);
#645=VERTEX_POINT('',#2525);
#646=VERTEX_POINT('',#2528);
#647=VERTEX_POINT('',#2532);
#648=VERTEX_POINT('',#2535);
#649=VERTEX_POINT('',#2537);
#650=VERTEX_POINT('',#2541);
#651=VERTEX_POINT('',#2542);
#652=VERTEX_POINT('',#2544);
#653=VERTEX_POINT('',#2546);
#654=VERTEX_POINT('',#2548);
#655=VERTEX_POINT('',#2550);
#656=VERTEX_POINT('',#2552);
#657=VERTEX_POINT('',#2554);
#658=VERTEX_POINT('',#2556);
#659=VERTEX_POINT('',#2558);
#660=VERTEX_POINT('',#2560);
#661=VERTEX_POINT('',#2562);
#662=VERTEX_POINT('',#2565);
#663=VERTEX_POINT('',#2568);
#664=VERTEX_POINT('',#2569);
#665=VERTEX_POINT('',#2574);
#666=VERTEX_POINT('',#2578);
#667=VERTEX_POINT('',#2584);
#668=VERTEX_POINT('',#2588);
#669=VERTEX_POINT('',#2590);
#670=VERTEX_POINT('',#2594);
#671=VERTEX_POINT('',#2600);
#672=VERTEX_POINT('',#2604);
#673=VERTEX_POINT('',#2610);
#674=VERTEX_POINT('',#2614);
#675=VERTEX_POINT('',#2616);
#676=VERTEX_POINT('',#2620);
#677=VERTEX_POINT('',#2624);
#678=VERTEX_POINT('',#2630);
#679=VERTEX_POINT('',#2634);
#680=VERTEX_POINT('',#2640);
#681=VERTEX_POINT('',#2642);
#682=VERTEX_POINT('',#2646);
#683=VERTEX_POINT('',#2654);
#684=VERTEX_POINT('',#2656);
#685=VERTEX_POINT('',#2660);
#686=VERTEX_POINT('',#2662);
#687=VERTEX_POINT('',#2666);
#688=VERTEX_POINT('',#2668);
#689=VERTEX_POINT('',#2670);
#690=VERTEX_POINT('',#2683);
#691=VERTEX_POINT('',#2700);
#692=VERTEX_POINT('',#2701);
#693=VERTEX_POINT('',#2716);
#694=VERTEX_POINT('',#2718);
#695=VERTEX_POINT('',#2720);
#696=VERTEX_POINT('',#2725);
#697=VERTEX_POINT('',#2729);
#698=VERTEX_POINT('',#2731);
#699=VERTEX_POINT('',#2739);
#700=VERTEX_POINT('',#2743);
#701=VERTEX_POINT('',#2749);
#702=VERTEX_POINT('',#2753);
#703=EDGE_CURVE('',#562,#563,#478,.T.);
#704=EDGE_CURVE('',#563,#564,#286,.T.);
#705=EDGE_CURVE('',#564,#565,#479,.T.);
#706=EDGE_CURVE('',#565,#562,#287,.T.);
#707=EDGE_CURVE('',#566,#567,#91,.T.);
#708=EDGE_CURVE('',#567,#563,#480,.T.);
#709=EDGE_CURVE('',#562,#566,#481,.T.);
#710=EDGE_CURVE('',#568,#566,#288,.T.);
#711=EDGE_CURVE('',#562,#569,#289,.T.);
#712=EDGE_CURVE('',#570,#569,#482,.T.);
#713=EDGE_CURVE('',#571,#570,#290,.T.);
#714=EDGE_CURVE('',#572,#571,#291,.T.);
#715=EDGE_CURVE('',#572,#568,#483,.T.);
#716=EDGE_CURVE('',#565,#573,#292,.T.);
#717=EDGE_CURVE('',#569,#573,#293,.T.);
#718=EDGE_CURVE('',#574,#575,#484,.T.);
#719=EDGE_CURVE('',#575,#576,#485,.T.);
#720=EDGE_CURVE('',#576,#577,#92,.T.);
#721=EDGE_CURVE('',#577,#574,#486,.T.);
#722=EDGE_CURVE('',#578,#579,#487,.T.);
#723=EDGE_CURVE('',#579,#575,#294,.T.);
#724=EDGE_CURVE('',#574,#578,#295,.T.);
#725=EDGE_CURVE('',#574,#580,#296,.T.);
#726=EDGE_CURVE('',#581,#580,#297,.T.);
#727=EDGE_CURVE('',#578,#581,#298,.T.);
#728=EDGE_CURVE('',#582,#577,#299,.T.);
#729=EDGE_CURVE('',#582,#583,#488,.T.);
#730=EDGE_CURVE('',#583,#584,#300,.T.);
#731=EDGE_CURVE('',#584,#585,#301,.T.);
#732=EDGE_CURVE('',#580,#585,#489,.T.);
#733=EDGE_CURVE('',#586,#587,#93,.T.);
#734=EDGE_CURVE('',#587,#588,#490,.T.);
#735=EDGE_CURVE('',#588,#589,#94,.T.);
#736=EDGE_CURVE('',#589,#586,#491,.T.);
#737=EDGE_CURVE('',#588,#590,#302,.T.);
#738=EDGE_CURVE('',#591,#590,#95,.T.);
#739=EDGE_CURVE('',#592,#591,#303,.T.);
#740=EDGE_CURVE('',#593,#592,#304,.T.);
#741=EDGE_CURVE('',#594,#593,#96,.T.);
#742=EDGE_CURVE('',#579,#594,#305,.T.);
#743=EDGE_CURVE('',#573,#581,#306,.T.);
#744=EDGE_CURVE('',#595,#564,#307,.T.);
#745=EDGE_CURVE('',#596,#595,#97,.T.);
#746=EDGE_CURVE('',#596,#597,#308,.T.);
#747=EDGE_CURVE('',#598,#597,#309,.T.);
#748=EDGE_CURVE('',#599,#598,#98,.T.);
#749=EDGE_CURVE('',#600,#599,#310,.T.);
#750=EDGE_CURVE('',#601,#600,#99,.T.);
#751=EDGE_CURVE('',#601,#589,#311,.T.);
#752=EDGE_CURVE('',#587,#602,#312,.T.);
#753=EDGE_CURVE('',#590,#602,#492,.T.);
#754=EDGE_CURVE('',#600,#603,#493,.T.);
#755=EDGE_CURVE('',#603,#604,#100,.T.);
#756=EDGE_CURVE('',#604,#601,#494,.T.);
#757=EDGE_CURVE('',#603,#605,#313,.T.);
#758=EDGE_CURVE('',#606,#605,#101,.T.);
#759=EDGE_CURVE('',#607,#606,#314,.T.);
#760=EDGE_CURVE('',#608,#607,#315,.T.);
#761=EDGE_CURVE('',#609,#608,#102,.T.);
#762=EDGE_CURVE('',#567,#609,#316,.T.);
#763=EDGE_CURVE('',#604,#568,#317,.T.);
#764=EDGE_CURVE('',#605,#599,#495,.T.);
#765=EDGE_CURVE('',#595,#609,#496,.T.);
#766=EDGE_CURVE('',#608,#596,#497,.T.);
#767=EDGE_CURVE('',#610,#611,#103,.T.);
#768=EDGE_CURVE('',#611,#594,#498,.T.);
#769=EDGE_CURVE('',#593,#610,#499,.T.);
#770=EDGE_CURVE('',#611,#576,#318,.T.);
#771=EDGE_CURVE('',#602,#612,#104,.T.);
#772=EDGE_CURVE('',#612,#591,#500,.T.);
#773=EDGE_CURVE('',#598,#606,#501,.T.);
#774=EDGE_CURVE('',#585,#570,#105,.T.);
#775=EDGE_CURVE('',#613,#613,#502,.T.);
#776=EDGE_CURVE('',#583,#572,#106,.T.);
#777=EDGE_CURVE('',#582,#586,#319,.T.);
#778=EDGE_CURVE('',#614,#614,#503,.T.);
#779=EDGE_CURVE('',#613,#614,#320,.T.);
#780=EDGE_CURVE('',#615,#607,#504,.T.);
#781=EDGE_CURVE('',#610,#615,#321,.T.);
#782=EDGE_CURVE('',#616,#592,#505,.T.);
#783=EDGE_CURVE('',#616,#617,#322,.T.);
#784=EDGE_CURVE('',#617,#617,#506,.T.);
#785=EDGE_CURVE('',#618,#616,#507,.T.);
#786=EDGE_CURVE('',#619,#618,#323,.T.);
#787=EDGE_CURVE('',#620,#619,#508,.T.);
#788=EDGE_CURVE('',#620,#621,#324,.T.);
#789=EDGE_CURVE('',#597,#621,#509,.T.);
#790=EDGE_CURVE('',#612,#615,#325,.T.);
#791=EDGE_CURVE('',#622,#623,#326,.T.);
#792=EDGE_CURVE('',#623,#624,#327,.T.);
#793=EDGE_CURVE('',#624,#625,#328,.T.);
#794=EDGE_CURVE('',#625,#626,#329,.T.);
#795=EDGE_CURVE('',#626,#622,#330,.T.);
#796=EDGE_CURVE('',#621,#627,#331,.T.);
#797=EDGE_CURVE('',#627,#628,#510,.T.);
#798=EDGE_CURVE('',#628,#629,#107,.T.);
#799=EDGE_CURVE('',#629,#630,#511,.T.);
#800=EDGE_CURVE('',#630,#618,#332,.T.);
#801=EDGE_CURVE('',#631,#630,#333,.T.);
#802=EDGE_CURVE('',#631,#619,#334,.T.);
#803=EDGE_CURVE('',#632,#629,#335,.T.);
#804=EDGE_CURVE('',#632,#631,#512,.T.);
#805=EDGE_CURVE('',#633,#628,#336,.T.);
#806=EDGE_CURVE('',#633,#632,#108,.T.);
#807=EDGE_CURVE('',#634,#634,#513,.T.);
#808=EDGE_CURVE('',#634,#635,#337,.T.);
#809=EDGE_CURVE('',#635,#635,#514,.T.);
#810=EDGE_CURVE('',#636,#620,#338,.T.);
#811=EDGE_CURVE('',#636,#627,#339,.T.);
#812=EDGE_CURVE('',#636,#633,#515,.T.);
#813=EDGE_CURVE('',#637,#638,#340,.T.);
#814=EDGE_CURVE('',#637,#622,#341,.T.);
#815=EDGE_CURVE('',#638,#626,#342,.T.);
#816=EDGE_CURVE('',#638,#639,#343,.T.);
#817=EDGE_CURVE('',#639,#625,#344,.T.);
#818=EDGE_CURVE('',#639,#640,#345,.T.);
#819=EDGE_CURVE('',#640,#624,#346,.T.);
#820=EDGE_CURVE('',#640,#641,#347,.T.);
#821=EDGE_CURVE('',#641,#623,#348,.T.);
#822=EDGE_CURVE('',#641,#637,#349,.T.);
#823=EDGE_CURVE('',#642,#642,#516,.T.);
#824=EDGE_CURVE('',#642,#643,#350,.T.);
#825=EDGE_CURVE('',#643,#643,#517,.T.);
#826=EDGE_CURVE('',#644,#644,#518,.T.);
#827=EDGE_CURVE('',#644,#643,#351,.T.);
#828=EDGE_CURVE('',#645,#645,#519,.T.);
#829=EDGE_CURVE('',#646,#646,#520,.T.);
#830=EDGE_CURVE('',#646,#644,#352,.T.);
#831=EDGE_CURVE('',#647,#647,#521,.T.);
#832=EDGE_CURVE('',#648,#648,#522,.T.);
#833=EDGE_CURVE('',#648,#649,#353,.T.);
#834=EDGE_CURVE('',#649,#649,#523,.T.);
#835=EDGE_CURVE('',#650,#651,#524,.T.);
#836=EDGE_CURVE('',#652,#650,#354,.T.);
#837=EDGE_CURVE('',#653,#652,#525,.T.);
#838=EDGE_CURVE('',#653,#654,#355,.T.);
#839=EDGE_CURVE('',#655,#654,#526,.T.);
#840=EDGE_CURVE('',#656,#655,#356,.T.);
#841=EDGE_CURVE('',#657,#656,#527,.T.);
#842=EDGE_CURVE('',#658,#657,#357,.T.);
#843=EDGE_CURVE('',#659,#658,#528,.T.);
#844=EDGE_CURVE('',#659,#660,#358,.T.);
#845=EDGE_CURVE('',#661,#660,#529,.T.);
#846=EDGE_CURVE('',#661,#651,#359,.T.);
#847=EDGE_CURVE('',#662,#662,#530,.T.);
#848=EDGE_CURVE('',#663,#664,#531,.T.);
#849=EDGE_CURVE('',#663,#648,#360,.T.);
#850=EDGE_CURVE('',#664,#663,#532,.T.);
#851=EDGE_CURVE('',#651,#665,#19,.T.);
#852=EDGE_CURVE('',#665,#666,#533,.T.);
#853=EDGE_CURVE('',#666,#650,#20,.T.);
#854=EDGE_CURVE('',#667,#661,#21,.F.);
#855=EDGE_CURVE('',#668,#667,#361,.T.);
#856=EDGE_CURVE('',#669,#668,#362,.T.);
#857=EDGE_CURVE('',#665,#669,#363,.T.);
#858=EDGE_CURVE('',#660,#670,#22,.F.);
#859=EDGE_CURVE('',#670,#667,#534,.T.);
#860=EDGE_CURVE('',#658,#671,#23,.T.);
#861=EDGE_CURVE('',#671,#672,#535,.T.);
#862=EDGE_CURVE('',#672,#659,#24,.T.);
#863=EDGE_CURVE('',#673,#657,#25,.F.);
#864=EDGE_CURVE('',#674,#673,#364,.T.);
#865=EDGE_CURVE('',#675,#674,#365,.T.);
#866=EDGE_CURVE('',#671,#675,#366,.T.);
#867=EDGE_CURVE('',#676,#653,#26,.F.);
#868=EDGE_CURVE('',#652,#677,#27,.F.);
#869=EDGE_CURVE('',#677,#676,#536,.T.);
#870=EDGE_CURVE('',#654,#678,#28,.T.);
#871=EDGE_CURVE('',#678,#679,#537,.T.);
#872=EDGE_CURVE('',#679,#655,#29,.T.);
#873=EDGE_CURVE('',#680,#676,#367,.T.);
#874=EDGE_CURVE('',#681,#680,#368,.T.);
#875=EDGE_CURVE('',#678,#681,#369,.T.);
#876=EDGE_CURVE('',#656,#682,#30,.F.);
#877=EDGE_CURVE('',#682,#673,#538,.T.);
#878=EDGE_CURVE('',#647,#664,#539,.T.);
#879=EDGE_CURVE('',#645,#683,#540,.T.);
#880=EDGE_CURVE('',#683,#684,#541,.T.);
#881=EDGE_CURVE('',#684,#683,#542,.T.);
#882=EDGE_CURVE('',#684,#685,#370,.T.);
#883=EDGE_CURVE('',#686,#685,#543,.T.);
#884=EDGE_CURVE('',#685,#686,#544,.T.);
#885=EDGE_CURVE('',#686,#687,#545,.T.);
#886=EDGE_CURVE('',#687,#688,#546,.T.);
#887=EDGE_CURVE('',#689,#688,#109,.F.);
#888=EDGE_CURVE('',#690,#689,#110,.F.);
#889=EDGE_CURVE('',#690,#687,#547,.T.);
#890=EDGE_CURVE('',#691,#692,#111,.F.);
#891=EDGE_CURVE('',#691,#693,#548,.T.);
#892=EDGE_CURVE('',#693,#694,#549,.T.);
#893=EDGE_CURVE('',#694,#695,#550,.T.);
#894=EDGE_CURVE('',#695,#694,#551,.T.);
#895=EDGE_CURVE('',#693,#692,#552,.T.);
#896=EDGE_CURVE('',#696,#696,#553,.T.);
#897=EDGE_CURVE('',#696,#695,#371,.T.);
#898=EDGE_CURVE('',#679,#697,#372,.T.);
#899=EDGE_CURVE('',#698,#697,#373,.T.);
#900=EDGE_CURVE('',#682,#698,#374,.T.);
#901=EDGE_CURVE('',#697,#681,#554,.T.);
#902=EDGE_CURVE('',#674,#698,#555,.T.);
#903=EDGE_CURVE('',#677,#699,#375,.T.);
#904=EDGE_CURVE('',#680,#699,#556,.T.);
#905=EDGE_CURVE('',#666,#700,#376,.T.);
#906=EDGE_CURVE('',#699,#700,#377,.T.);
#907=EDGE_CURVE('',#700,#669,#557,.T.);
#908=EDGE_CURVE('',#670,#701,#378,.T.);
#909=EDGE_CURVE('',#668,#701,#558,.T.);
#910=EDGE_CURVE('',#672,#702,#379,.T.);
#911=EDGE_CURVE('',#701,#702,#380,.T.);
#912=EDGE_CURVE('',#702,#675,#559,.T.);
#913=EDGE_CURVE('',#691,#688,#560,.T.);
#914=EDGE_CURVE('',#690,#692,#561,.T.);
#915=EDGE_CURVE('',#689,#662,#381,.T.);
#916=ORIENTED_EDGE('',*,*,#703,.T.);
#917=ORIENTED_EDGE('',*,*,#704,.T.);
#918=ORIENTED_EDGE('',*,*,#705,.T.);
#919=ORIENTED_EDGE('',*,*,#706,.T.);
#920=ORIENTED_EDGE('',*,*,#707,.T.);
#921=ORIENTED_EDGE('',*,*,#708,.T.);
#922=ORIENTED_EDGE('',*,*,#703,.F.);
#923=ORIENTED_EDGE('',*,*,#709,.T.);
#924=ORIENTED_EDGE('',*,*,#710,.T.);
#925=ORIENTED_EDGE('',*,*,#709,.F.);
#926=ORIENTED_EDGE('',*,*,#711,.T.);
#927=ORIENTED_EDGE('',*,*,#712,.F.);
#928=ORIENTED_EDGE('',*,*,#713,.F.);
#929=ORIENTED_EDGE('',*,*,#714,.F.);
#930=ORIENTED_EDGE('',*,*,#715,.T.);
#931=ORIENTED_EDGE('',*,*,#706,.F.);
#932=ORIENTED_EDGE('',*,*,#716,.T.);
#933=ORIENTED_EDGE('',*,*,#717,.F.);
#934=ORIENTED_EDGE('',*,*,#711,.F.);
#935=ORIENTED_EDGE('',*,*,#718,.T.);
#936=ORIENTED_EDGE('',*,*,#719,.T.);
#937=ORIENTED_EDGE('',*,*,#720,.T.);
#938=ORIENTED_EDGE('',*,*,#721,.T.);
#939=ORIENTED_EDGE('',*,*,#722,.T.);
#940=ORIENTED_EDGE('',*,*,#723,.T.);
#941=ORIENTED_EDGE('',*,*,#718,.F.);
#942=ORIENTED_EDGE('',*,*,#724,.T.);
#943=ORIENTED_EDGE('',*,*,#724,.F.);
#944=ORIENTED_EDGE('',*,*,#725,.T.);
#945=ORIENTED_EDGE('',*,*,#726,.F.);
#946=ORIENTED_EDGE('',*,*,#727,.F.);
#947=ORIENTED_EDGE('',*,*,#721,.F.);
#948=ORIENTED_EDGE('',*,*,#728,.F.);
#949=ORIENTED_EDGE('',*,*,#729,.T.);
#950=ORIENTED_EDGE('',*,*,#730,.T.);
#951=ORIENTED_EDGE('',*,*,#731,.T.);
#952=ORIENTED_EDGE('',*,*,#732,.F.);
#953=ORIENTED_EDGE('',*,*,#725,.F.);
#954=ORIENTED_EDGE('',*,*,#733,.T.);
#955=ORIENTED_EDGE('',*,*,#734,.T.);
#956=ORIENTED_EDGE('',*,*,#735,.T.);
#957=ORIENTED_EDGE('',*,*,#736,.T.);
#958=ORIENTED_EDGE('',*,*,#735,.F.);
#959=ORIENTED_EDGE('',*,*,#737,.T.);
#960=ORIENTED_EDGE('',*,*,#738,.F.);
#961=ORIENTED_EDGE('',*,*,#739,.F.);
#962=ORIENTED_EDGE('',*,*,#740,.F.);
#963=ORIENTED_EDGE('',*,*,#741,.F.);
#964=ORIENTED_EDGE('',*,*,#742,.F.);
#965=ORIENTED_EDGE('',*,*,#722,.F.);
#966=ORIENTED_EDGE('',*,*,#727,.T.);
#967=ORIENTED_EDGE('',*,*,#743,.F.);
#968=ORIENTED_EDGE('',*,*,#716,.F.);
#969=ORIENTED_EDGE('',*,*,#705,.F.);
#970=ORIENTED_EDGE('',*,*,#744,.F.);
#971=ORIENTED_EDGE('',*,*,#745,.F.);
#972=ORIENTED_EDGE('',*,*,#746,.T.);
#973=ORIENTED_EDGE('',*,*,#747,.F.);
#974=ORIENTED_EDGE('',*,*,#748,.F.);
#975=ORIENTED_EDGE('',*,*,#749,.F.);
#976=ORIENTED_EDGE('',*,*,#750,.F.);
#977=ORIENTED_EDGE('',*,*,#751,.T.);
#978=ORIENTED_EDGE('',*,*,#734,.F.);
#979=ORIENTED_EDGE('',*,*,#752,.T.);
#980=ORIENTED_EDGE('',*,*,#753,.F.);
#981=ORIENTED_EDGE('',*,*,#737,.F.);
#982=ORIENTED_EDGE('',*,*,#750,.T.);
#983=ORIENTED_EDGE('',*,*,#754,.T.);
#984=ORIENTED_EDGE('',*,*,#755,.T.);
#985=ORIENTED_EDGE('',*,*,#756,.T.);
#986=ORIENTED_EDGE('',*,*,#755,.F.);
#987=ORIENTED_EDGE('',*,*,#757,.T.);
#988=ORIENTED_EDGE('',*,*,#758,.F.);
#989=ORIENTED_EDGE('',*,*,#759,.F.);
#990=ORIENTED_EDGE('',*,*,#760,.F.);
#991=ORIENTED_EDGE('',*,*,#761,.F.);
#992=ORIENTED_EDGE('',*,*,#762,.F.);
#993=ORIENTED_EDGE('',*,*,#707,.F.);
#994=ORIENTED_EDGE('',*,*,#710,.F.);
#995=ORIENTED_EDGE('',*,*,#763,.F.);
#996=ORIENTED_EDGE('',*,*,#754,.F.);
#997=ORIENTED_EDGE('',*,*,#749,.T.);
#998=ORIENTED_EDGE('',*,*,#764,.F.);
#999=ORIENTED_EDGE('',*,*,#757,.F.);
#1000=ORIENTED_EDGE('',*,*,#745,.T.);
#1001=ORIENTED_EDGE('',*,*,#765,.T.);
#1002=ORIENTED_EDGE('',*,*,#761,.T.);
#1003=ORIENTED_EDGE('',*,*,#766,.T.);
#1004=ORIENTED_EDGE('',*,*,#708,.F.);
#1005=ORIENTED_EDGE('',*,*,#762,.T.);
#1006=ORIENTED_EDGE('',*,*,#765,.F.);
#1007=ORIENTED_EDGE('',*,*,#744,.T.);
#1008=ORIENTED_EDGE('',*,*,#704,.F.);
#1009=ORIENTED_EDGE('',*,*,#767,.T.);
#1010=ORIENTED_EDGE('',*,*,#768,.T.);
#1011=ORIENTED_EDGE('',*,*,#741,.T.);
#1012=ORIENTED_EDGE('',*,*,#769,.T.);
#1013=ORIENTED_EDGE('',*,*,#723,.F.);
#1014=ORIENTED_EDGE('',*,*,#742,.T.);
#1015=ORIENTED_EDGE('',*,*,#768,.F.);
#1016=ORIENTED_EDGE('',*,*,#770,.T.);
#1017=ORIENTED_EDGE('',*,*,#719,.F.);
#1018=ORIENTED_EDGE('',*,*,#738,.T.);
#1019=ORIENTED_EDGE('',*,*,#753,.T.);
#1020=ORIENTED_EDGE('',*,*,#771,.T.);
#1021=ORIENTED_EDGE('',*,*,#772,.T.);
#1022=ORIENTED_EDGE('',*,*,#758,.T.);
#1023=ORIENTED_EDGE('',*,*,#764,.T.);
#1024=ORIENTED_EDGE('',*,*,#748,.T.);
#1025=ORIENTED_EDGE('',*,*,#773,.T.);
#1026=ORIENTED_EDGE('',*,*,#726,.T.);
#1027=ORIENTED_EDGE('',*,*,#732,.T.);
#1028=ORIENTED_EDGE('',*,*,#774,.T.);
#1029=ORIENTED_EDGE('',*,*,#712,.T.);
#1030=ORIENTED_EDGE('',*,*,#717,.T.);
#1031=ORIENTED_EDGE('',*,*,#743,.T.);
#1032=ORIENTED_EDGE('',*,*,#775,.T.);
#1033=ORIENTED_EDGE('',*,*,#736,.F.);
#1034=ORIENTED_EDGE('',*,*,#751,.F.);
#1035=ORIENTED_EDGE('',*,*,#756,.F.);
#1036=ORIENTED_EDGE('',*,*,#763,.T.);
#1037=ORIENTED_EDGE('',*,*,#715,.F.);
#1038=ORIENTED_EDGE('',*,*,#776,.F.);
#1039=ORIENTED_EDGE('',*,*,#729,.F.);
#1040=ORIENTED_EDGE('',*,*,#777,.T.);
#1041=ORIENTED_EDGE('',*,*,#778,.F.);
#1042=ORIENTED_EDGE('',*,*,#775,.F.);
#1043=ORIENTED_EDGE('',*,*,#779,.T.);
#1044=ORIENTED_EDGE('',*,*,#778,.T.);
#1045=ORIENTED_EDGE('',*,*,#779,.F.);
#1046=ORIENTED_EDGE('',*,*,#776,.T.);
#1047=ORIENTED_EDGE('',*,*,#714,.T.);
#1048=ORIENTED_EDGE('',*,*,#713,.T.);
#1049=ORIENTED_EDGE('',*,*,#774,.F.);
#1050=ORIENTED_EDGE('',*,*,#731,.F.);
#1051=ORIENTED_EDGE('',*,*,#730,.F.);
#1052=ORIENTED_EDGE('',*,*,#766,.F.);
#1053=ORIENTED_EDGE('',*,*,#760,.T.);
#1054=ORIENTED_EDGE('',*,*,#780,.F.);
#1055=ORIENTED_EDGE('',*,*,#781,.F.);
#1056=ORIENTED_EDGE('',*,*,#769,.F.);
#1057=ORIENTED_EDGE('',*,*,#740,.T.);
#1058=ORIENTED_EDGE('',*,*,#782,.F.);
#1059=ORIENTED_EDGE('',*,*,#783,.T.);
#1060=ORIENTED_EDGE('',*,*,#784,.F.);
#1061=ORIENTED_EDGE('',*,*,#783,.F.);
#1062=ORIENTED_EDGE('',*,*,#785,.F.);
#1063=ORIENTED_EDGE('',*,*,#786,.F.);
#1064=ORIENTED_EDGE('',*,*,#787,.F.);
#1065=ORIENTED_EDGE('',*,*,#788,.T.);
#1066=ORIENTED_EDGE('',*,*,#789,.F.);
#1067=ORIENTED_EDGE('',*,*,#746,.F.);
#1068=ORIENTED_EDGE('',*,*,#733,.F.);
#1069=ORIENTED_EDGE('',*,*,#777,.F.);
#1070=ORIENTED_EDGE('',*,*,#728,.T.);
#1071=ORIENTED_EDGE('',*,*,#720,.F.);
#1072=ORIENTED_EDGE('',*,*,#770,.F.);
#1073=ORIENTED_EDGE('',*,*,#767,.F.);
#1074=ORIENTED_EDGE('',*,*,#781,.T.);
#1075=ORIENTED_EDGE('',*,*,#790,.F.);
#1076=ORIENTED_EDGE('',*,*,#771,.F.);
#1077=ORIENTED_EDGE('',*,*,#752,.F.);
#1078=ORIENTED_EDGE('',*,*,#791,.T.);
#1079=ORIENTED_EDGE('',*,*,#792,.T.);
#1080=ORIENTED_EDGE('',*,*,#793,.T.);
#1081=ORIENTED_EDGE('',*,*,#794,.T.);
#1082=ORIENTED_EDGE('',*,*,#795,.T.);
#1083=ORIENTED_EDGE('',*,*,#790,.T.);
#1084=ORIENTED_EDGE('',*,*,#780,.T.);
#1085=ORIENTED_EDGE('',*,*,#759,.T.);
#1086=ORIENTED_EDGE('',*,*,#773,.F.);
#1087=ORIENTED_EDGE('',*,*,#747,.T.);
#1088=ORIENTED_EDGE('',*,*,#789,.T.);
#1089=ORIENTED_EDGE('',*,*,#796,.T.);
#1090=ORIENTED_EDGE('',*,*,#797,.T.);
#1091=ORIENTED_EDGE('',*,*,#798,.T.);
#1092=ORIENTED_EDGE('',*,*,#799,.T.);
#1093=ORIENTED_EDGE('',*,*,#800,.T.);
#1094=ORIENTED_EDGE('',*,*,#785,.T.);
#1095=ORIENTED_EDGE('',*,*,#782,.T.);
#1096=ORIENTED_EDGE('',*,*,#739,.T.);
#1097=ORIENTED_EDGE('',*,*,#772,.F.);
#1098=ORIENTED_EDGE('',*,*,#800,.F.);
#1099=ORIENTED_EDGE('',*,*,#801,.F.);
#1100=ORIENTED_EDGE('',*,*,#802,.T.);
#1101=ORIENTED_EDGE('',*,*,#786,.T.);
#1102=ORIENTED_EDGE('',*,*,#799,.F.);
#1103=ORIENTED_EDGE('',*,*,#803,.F.);
#1104=ORIENTED_EDGE('',*,*,#804,.T.);
#1105=ORIENTED_EDGE('',*,*,#801,.T.);
#1106=ORIENTED_EDGE('',*,*,#798,.F.);
#1107=ORIENTED_EDGE('',*,*,#805,.F.);
#1108=ORIENTED_EDGE('',*,*,#806,.T.);
#1109=ORIENTED_EDGE('',*,*,#803,.T.);
#1110=ORIENTED_EDGE('',*,*,#807,.F.);
#1111=ORIENTED_EDGE('',*,*,#808,.T.);
#1112=ORIENTED_EDGE('',*,*,#809,.T.);
#1113=ORIENTED_EDGE('',*,*,#808,.F.);
#1114=ORIENTED_EDGE('',*,*,#796,.F.);
#1115=ORIENTED_EDGE('',*,*,#788,.F.);
#1116=ORIENTED_EDGE('',*,*,#810,.F.);
#1117=ORIENTED_EDGE('',*,*,#811,.T.);
#1118=ORIENTED_EDGE('',*,*,#797,.F.);
#1119=ORIENTED_EDGE('',*,*,#811,.F.);
#1120=ORIENTED_EDGE('',*,*,#812,.T.);
#1121=ORIENTED_EDGE('',*,*,#805,.T.);
#1122=ORIENTED_EDGE('',*,*,#812,.F.);
#1123=ORIENTED_EDGE('',*,*,#810,.T.);
#1124=ORIENTED_EDGE('',*,*,#787,.T.);
#1125=ORIENTED_EDGE('',*,*,#802,.F.);
#1126=ORIENTED_EDGE('',*,*,#804,.F.);
#1127=ORIENTED_EDGE('',*,*,#806,.F.);
#1128=ORIENTED_EDGE('',*,*,#809,.F.);
#1129=ORIENTED_EDGE('',*,*,#807,.T.);
#1130=ORIENTED_EDGE('',*,*,#813,.F.);
#1131=ORIENTED_EDGE('',*,*,#814,.T.);
#1132=ORIENTED_EDGE('',*,*,#795,.F.);
#1133=ORIENTED_EDGE('',*,*,#815,.F.);
#1134=ORIENTED_EDGE('',*,*,#816,.F.);
#1135=ORIENTED_EDGE('',*,*,#815,.T.);
#1136=ORIENTED_EDGE('',*,*,#794,.F.);
#1137=ORIENTED_EDGE('',*,*,#817,.F.);
#1138=ORIENTED_EDGE('',*,*,#818,.F.);
#1139=ORIENTED_EDGE('',*,*,#817,.T.);
#1140=ORIENTED_EDGE('',*,*,#793,.F.);
#1141=ORIENTED_EDGE('',*,*,#819,.F.);
#1142=ORIENTED_EDGE('',*,*,#820,.F.);
#1143=ORIENTED_EDGE('',*,*,#819,.T.);
#1144=ORIENTED_EDGE('',*,*,#792,.F.);
#1145=ORIENTED_EDGE('',*,*,#821,.F.);
#1146=ORIENTED_EDGE('',*,*,#822,.F.);
#1147=ORIENTED_EDGE('',*,*,#821,.T.);
#1148=ORIENTED_EDGE('',*,*,#791,.F.);
#1149=ORIENTED_EDGE('',*,*,#814,.F.);
#1150=ORIENTED_EDGE('',*,*,#822,.T.);
#1151=ORIENTED_EDGE('',*,*,#813,.T.);
#1152=ORIENTED_EDGE('',*,*,#816,.T.);
#1153=ORIENTED_EDGE('',*,*,#818,.T.);
#1154=ORIENTED_EDGE('',*,*,#820,.T.);
#1155=ORIENTED_EDGE('',*,*,#784,.T.);
#1156=ORIENTED_EDGE('',*,*,#823,.T.);
#1157=ORIENTED_EDGE('',*,*,#824,.T.);
#1158=ORIENTED_EDGE('',*,*,#825,.T.);
#1159=ORIENTED_EDGE('',*,*,#824,.F.);
#1160=ORIENTED_EDGE('',*,*,#826,.F.);
#1161=ORIENTED_EDGE('',*,*,#827,.T.);
#1162=ORIENTED_EDGE('',*,*,#825,.F.);
#1163=ORIENTED_EDGE('',*,*,#827,.F.);
#1164=ORIENTED_EDGE('',*,*,#828,.F.);
#1165=ORIENTED_EDGE('',*,*,#823,.F.);
#1166=ORIENTED_EDGE('',*,*,#829,.T.);
#1167=ORIENTED_EDGE('',*,*,#830,.T.);
#1168=ORIENTED_EDGE('',*,*,#826,.T.);
#1169=ORIENTED_EDGE('',*,*,#830,.F.);
#1170=ORIENTED_EDGE('',*,*,#831,.F.);
#1171=ORIENTED_EDGE('',*,*,#829,.F.);
#1172=ORIENTED_EDGE('',*,*,#832,.T.);
#1173=ORIENTED_EDGE('',*,*,#833,.T.);
#1174=ORIENTED_EDGE('',*,*,#834,.T.);
#1175=ORIENTED_EDGE('',*,*,#833,.F.);
#1176=ORIENTED_EDGE('',*,*,#835,.F.);
#1177=ORIENTED_EDGE('',*,*,#836,.F.);
#1178=ORIENTED_EDGE('',*,*,#837,.F.);
#1179=ORIENTED_EDGE('',*,*,#838,.T.);
#1180=ORIENTED_EDGE('',*,*,#839,.F.);
#1181=ORIENTED_EDGE('',*,*,#840,.F.);
#1182=ORIENTED_EDGE('',*,*,#841,.F.);
#1183=ORIENTED_EDGE('',*,*,#842,.F.);
#1184=ORIENTED_EDGE('',*,*,#843,.F.);
#1185=ORIENTED_EDGE('',*,*,#844,.T.);
#1186=ORIENTED_EDGE('',*,*,#845,.F.);
#1187=ORIENTED_EDGE('',*,*,#846,.T.);
#1188=ORIENTED_EDGE('',*,*,#847,.F.);
#1189=ORIENTED_EDGE('',*,*,#834,.F.);
#1190=ORIENTED_EDGE('',*,*,#848,.F.);
#1191=ORIENTED_EDGE('',*,*,#849,.T.);
#1192=ORIENTED_EDGE('',*,*,#832,.F.);
#1193=ORIENTED_EDGE('',*,*,#849,.F.);
#1194=ORIENTED_EDGE('',*,*,#850,.F.);
#1195=ORIENTED_EDGE('',*,*,#851,.T.);
#1196=ORIENTED_EDGE('',*,*,#852,.T.);
#1197=ORIENTED_EDGE('',*,*,#853,.T.);
#1198=ORIENTED_EDGE('',*,*,#835,.T.);
#1199=ORIENTED_EDGE('',*,*,#851,.F.);
#1200=ORIENTED_EDGE('',*,*,#846,.F.);
#1201=ORIENTED_EDGE('',*,*,#854,.F.);
#1202=ORIENTED_EDGE('',*,*,#855,.F.);
#1203=ORIENTED_EDGE('',*,*,#856,.F.);
#1204=ORIENTED_EDGE('',*,*,#857,.F.);
#1205=ORIENTED_EDGE('',*,*,#854,.T.);
#1206=ORIENTED_EDGE('',*,*,#845,.T.);
#1207=ORIENTED_EDGE('',*,*,#858,.T.);
#1208=ORIENTED_EDGE('',*,*,#859,.T.);
#1209=ORIENTED_EDGE('',*,*,#860,.T.);
#1210=ORIENTED_EDGE('',*,*,#861,.T.);
#1211=ORIENTED_EDGE('',*,*,#862,.T.);
#1212=ORIENTED_EDGE('',*,*,#843,.T.);
#1213=ORIENTED_EDGE('',*,*,#860,.F.);
#1214=ORIENTED_EDGE('',*,*,#842,.T.);
#1215=ORIENTED_EDGE('',*,*,#863,.F.);
#1216=ORIENTED_EDGE('',*,*,#864,.F.);
#1217=ORIENTED_EDGE('',*,*,#865,.F.);
#1218=ORIENTED_EDGE('',*,*,#866,.F.);
#1219=ORIENTED_EDGE('',*,*,#867,.T.);
#1220=ORIENTED_EDGE('',*,*,#837,.T.);
#1221=ORIENTED_EDGE('',*,*,#868,.T.);
#1222=ORIENTED_EDGE('',*,*,#869,.T.);
#1223=ORIENTED_EDGE('',*,*,#870,.T.);
#1224=ORIENTED_EDGE('',*,*,#871,.T.);
#1225=ORIENTED_EDGE('',*,*,#872,.T.);
#1226=ORIENTED_EDGE('',*,*,#839,.T.);
#1227=ORIENTED_EDGE('',*,*,#870,.F.);
#1228=ORIENTED_EDGE('',*,*,#838,.F.);
#1229=ORIENTED_EDGE('',*,*,#867,.F.);
#1230=ORIENTED_EDGE('',*,*,#873,.F.);
#1231=ORIENTED_EDGE('',*,*,#874,.F.);
#1232=ORIENTED_EDGE('',*,*,#875,.F.);
#1233=ORIENTED_EDGE('',*,*,#863,.T.);
#1234=ORIENTED_EDGE('',*,*,#841,.T.);
#1235=ORIENTED_EDGE('',*,*,#876,.T.);
#1236=ORIENTED_EDGE('',*,*,#877,.T.);
#1237=ORIENTED_EDGE('',*,*,#831,.T.);
#1238=ORIENTED_EDGE('',*,*,#878,.T.);
#1239=ORIENTED_EDGE('',*,*,#850,.T.);
#1240=ORIENTED_EDGE('',*,*,#848,.T.);
#1241=ORIENTED_EDGE('',*,*,#878,.F.);
#1242=ORIENTED_EDGE('',*,*,#828,.T.);
#1243=ORIENTED_EDGE('',*,*,#879,.T.);
#1244=ORIENTED_EDGE('',*,*,#880,.T.);
#1245=ORIENTED_EDGE('',*,*,#881,.T.);
#1246=ORIENTED_EDGE('',*,*,#879,.F.);
#1247=ORIENTED_EDGE('',*,*,#881,.F.);
#1248=ORIENTED_EDGE('',*,*,#882,.T.);
#1249=ORIENTED_EDGE('',*,*,#883,.F.);
#1250=ORIENTED_EDGE('',*,*,#884,.F.);
#1251=ORIENTED_EDGE('',*,*,#882,.F.);
#1252=ORIENTED_EDGE('',*,*,#880,.F.);
#1253=ORIENTED_EDGE('',*,*,#884,.T.);
#1254=ORIENTED_EDGE('',*,*,#885,.T.);
#1255=ORIENTED_EDGE('',*,*,#886,.T.);
#1256=ORIENTED_EDGE('',*,*,#887,.F.);
#1257=ORIENTED_EDGE('',*,*,#888,.F.);
#1258=ORIENTED_EDGE('',*,*,#889,.T.);
#1259=ORIENTED_EDGE('',*,*,#885,.F.);
#1260=ORIENTED_EDGE('',*,*,#883,.T.);
#1261=ORIENTED_EDGE('',*,*,#890,.F.);
#1262=ORIENTED_EDGE('',*,*,#891,.T.);
#1263=ORIENTED_EDGE('',*,*,#892,.T.);
#1264=ORIENTED_EDGE('',*,*,#893,.T.);
#1265=ORIENTED_EDGE('',*,*,#894,.T.);
#1266=ORIENTED_EDGE('',*,*,#892,.F.);
#1267=ORIENTED_EDGE('',*,*,#895,.T.);
#1268=ORIENTED_EDGE('',*,*,#896,.F.);
#1269=ORIENTED_EDGE('',*,*,#897,.T.);
#1270=ORIENTED_EDGE('',*,*,#893,.F.);
#1271=ORIENTED_EDGE('',*,*,#894,.F.);
#1272=ORIENTED_EDGE('',*,*,#897,.F.);
#1273=ORIENTED_EDGE('',*,*,#872,.F.);
#1274=ORIENTED_EDGE('',*,*,#898,.T.);
#1275=ORIENTED_EDGE('',*,*,#899,.F.);
#1276=ORIENTED_EDGE('',*,*,#900,.F.);
#1277=ORIENTED_EDGE('',*,*,#876,.F.);
#1278=ORIENTED_EDGE('',*,*,#840,.T.);
#1279=ORIENTED_EDGE('',*,*,#871,.F.);
#1280=ORIENTED_EDGE('',*,*,#875,.T.);
#1281=ORIENTED_EDGE('',*,*,#901,.F.);
#1282=ORIENTED_EDGE('',*,*,#898,.F.);
#1283=ORIENTED_EDGE('',*,*,#877,.F.);
#1284=ORIENTED_EDGE('',*,*,#900,.T.);
#1285=ORIENTED_EDGE('',*,*,#902,.F.);
#1286=ORIENTED_EDGE('',*,*,#864,.T.);
#1287=ORIENTED_EDGE('',*,*,#869,.F.);
#1288=ORIENTED_EDGE('',*,*,#903,.T.);
#1289=ORIENTED_EDGE('',*,*,#904,.F.);
#1290=ORIENTED_EDGE('',*,*,#873,.T.);
#1291=ORIENTED_EDGE('',*,*,#853,.F.);
#1292=ORIENTED_EDGE('',*,*,#905,.T.);
#1293=ORIENTED_EDGE('',*,*,#906,.F.);
#1294=ORIENTED_EDGE('',*,*,#903,.F.);
#1295=ORIENTED_EDGE('',*,*,#868,.F.);
#1296=ORIENTED_EDGE('',*,*,#836,.T.);
#1297=ORIENTED_EDGE('',*,*,#852,.F.);
#1298=ORIENTED_EDGE('',*,*,#857,.T.);
#1299=ORIENTED_EDGE('',*,*,#907,.F.);
#1300=ORIENTED_EDGE('',*,*,#905,.F.);
#1301=ORIENTED_EDGE('',*,*,#859,.F.);
#1302=ORIENTED_EDGE('',*,*,#908,.T.);
#1303=ORIENTED_EDGE('',*,*,#909,.F.);
#1304=ORIENTED_EDGE('',*,*,#855,.T.);
#1305=ORIENTED_EDGE('',*,*,#862,.F.);
#1306=ORIENTED_EDGE('',*,*,#910,.T.);
#1307=ORIENTED_EDGE('',*,*,#911,.F.);
#1308=ORIENTED_EDGE('',*,*,#908,.F.);
#1309=ORIENTED_EDGE('',*,*,#858,.F.);
#1310=ORIENTED_EDGE('',*,*,#844,.F.);
#1311=ORIENTED_EDGE('',*,*,#861,.F.);
#1312=ORIENTED_EDGE('',*,*,#866,.T.);
#1313=ORIENTED_EDGE('',*,*,#912,.F.);
#1314=ORIENTED_EDGE('',*,*,#910,.F.);
#1315=ORIENTED_EDGE('',*,*,#913,.F.);
#1316=ORIENTED_EDGE('',*,*,#890,.T.);
#1317=ORIENTED_EDGE('',*,*,#914,.F.);
#1318=ORIENTED_EDGE('',*,*,#888,.T.);
#1319=ORIENTED_EDGE('',*,*,#915,.T.);
#1320=ORIENTED_EDGE('',*,*,#847,.T.);
#1321=ORIENTED_EDGE('',*,*,#915,.F.);
#1322=ORIENTED_EDGE('',*,*,#887,.T.);
#1323=ORIENTED_EDGE('',*,*,#889,.F.);
#1324=ORIENTED_EDGE('',*,*,#914,.T.);
#1325=ORIENTED_EDGE('',*,*,#895,.F.);
#1326=ORIENTED_EDGE('',*,*,#891,.F.);
#1327=ORIENTED_EDGE('',*,*,#913,.T.);
#1328=ORIENTED_EDGE('',*,*,#886,.F.);
#1329=ORIENTED_EDGE('',*,*,#902,.T.);
#1330=ORIENTED_EDGE('',*,*,#899,.T.);
#1331=ORIENTED_EDGE('',*,*,#901,.T.);
#1332=ORIENTED_EDGE('',*,*,#874,.T.);
#1333=ORIENTED_EDGE('',*,*,#904,.T.);
#1334=ORIENTED_EDGE('',*,*,#906,.T.);
#1335=ORIENTED_EDGE('',*,*,#907,.T.);
#1336=ORIENTED_EDGE('',*,*,#856,.T.);
#1337=ORIENTED_EDGE('',*,*,#909,.T.);
#1338=ORIENTED_EDGE('',*,*,#911,.T.);
#1339=ORIENTED_EDGE('',*,*,#912,.T.);
#1340=ORIENTED_EDGE('',*,*,#865,.T.);
#1341=ORIENTED_EDGE('',*,*,#896,.T.);
#1342=CYLINDRICAL_SURFACE('',#1467,0.8);
#1343=CYLINDRICAL_SURFACE('',#1473,4.50000047683717);
#1344=CYLINDRICAL_SURFACE('',#1481,0.8);
#1345=CYLINDRICAL_SURFACE('',#1484,4.5000006686778);
#1346=CYLINDRICAL_SURFACE('',#1491,19.);
#1347=CYLINDRICAL_SURFACE('',#1497,19.);
#1348=CYLINDRICAL_SURFACE('',#1515,0.90000005381619);
#1349=CYLINDRICAL_SURFACE('',#1516,17.4);
#1350=CYLINDRICAL_SURFACE('',#1528,4.50000058301974);
#1351=CYLINDRICAL_SURFACE('',#1530,0.899999936336866);
#1352=CYLINDRICAL_SURFACE('',#1534,4.50000047683716);
#1353=CYLINDRICAL_SURFACE('',#1548,1.9);
#1354=CYLINDRICAL_SURFACE('',#1567,10.);
#1355=CYLINDRICAL_SURFACE('',#1591,10.8);
#1356=CYLINDRICAL_SURFACE('',#1604,14.4);
#1357=CYLINDRICAL_SURFACE('',#1607,16.4);
#1358=CYLINDRICAL_SURFACE('',#1609,15.2);
#1359=CYLINDRICAL_SURFACE('',#1611,15.2);
#1360=CYLINDRICAL_SURFACE('',#1614,16.4);
#1361=CYLINDRICAL_SURFACE('',#1616,15.2);
#1362=CYLINDRICAL_SURFACE('',#1619,16.4);
#1363=CYLINDRICAL_SURFACE('',#1621,1.2);
#1364=ADVANCED_FACE('',(#124),#1342,.F.);
#1365=ADVANCED_FACE('',(#125),#112,.F.);
#1366=ADVANCED_FACE('',(#126),#1343,.T.);
#1367=ADVANCED_FACE('',(#127),#60,.T.);
#1368=ADVANCED_FACE('',(#128),#113,.F.);
#1369=ADVANCED_FACE('',(#129),#1344,.F.);
#1370=ADVANCED_FACE('',(#130),#61,.T.);
#1371=ADVANCED_FACE('',(#131),#1345,.T.);
#1372=ADVANCED_FACE('',(#132),#114,.T.);
#1373=ADVANCED_FACE('',(#133),#62,.T.);
#1374=ADVANCED_FACE('',(#134),#1346,.T.);
#1375=ADVANCED_FACE('',(#135),#115,.T.);
#1376=ADVANCED_FACE('',(#136),#63,.T.);
#1377=ADVANCED_FACE('',(#137),#1347,.T.);
#1378=ADVANCED_FACE('',(#138),#116,.F.);
#1379=ADVANCED_FACE('',(#139),#64,.T.);
#1380=ADVANCED_FACE('',(#140),#117,.F.);
#1381=ADVANCED_FACE('',(#141),#65,.T.);
#1382=ADVANCED_FACE('',(#142),#118,.F.);
#1383=ADVANCED_FACE('',(#143),#119,.F.);
#1384=ADVANCED_FACE('',(#144,#50),#66,.T.);
#1385=ADVANCED_FACE('',(#145,#51),#67,.F.);
#1386=ADVANCED_FACE('',(#146),#1348,.F.);
#1387=ADVANCED_FACE('',(#147),#48,.T.);
#1388=ADVANCED_FACE('',(#148),#1349,.F.);
#1389=ADVANCED_FACE('',(#149),#68,.T.);
#1390=ADVANCED_FACE('',(#150,#52),#69,.F.);
#1391=ADVANCED_FACE('',(#151),#70,.T.);
#1392=ADVANCED_FACE('',(#152),#1350,.T.);
#1393=ADVANCED_FACE('',(#153),#49,.T.);
#1394=ADVANCED_FACE('',(#154),#1351,.F.);
#1395=ADVANCED_FACE('',(#155),#71,.T.);
#1396=ADVANCED_FACE('',(#156),#1352,.T.);
#1397=ADVANCED_FACE('',(#157,#53),#72,.F.);
#1398=ADVANCED_FACE('',(#158),#73,.F.);
#1399=ADVANCED_FACE('',(#159),#74,.T.);
#1400=ADVANCED_FACE('',(#160),#75,.T.);
#1401=ADVANCED_FACE('',(#161),#76,.T.);
#1402=ADVANCED_FACE('',(#162),#77,.T.);
#1403=ADVANCED_FACE('',(#163),#78,.T.);
#1404=ADVANCED_FACE('',(#164,#54),#79,.T.);
#1405=ADVANCED_FACE('',(#165),#31,.F.);
#1406=ADVANCED_FACE('',(#166),#1353,.F.);
#1407=ADVANCED_FACE('',(#167,#55),#80,.T.);
#1408=ADVANCED_FACE('',(#168),#32,.F.);
#1409=ADVANCED_FACE('',(#169,#56),#81,.F.);
#1410=ADVANCED_FACE('',(#170),#33,.F.);
#1411=ADVANCED_FACE('',(#171,#57,#58),#82,.F.);
#1412=ADVANCED_FACE('',(#172),#1354,.F.);
#1413=ADVANCED_FACE('',(#173),#34,.T.);
#1414=ADVANCED_FACE('',(#174),#83,.T.);
#1415=ADVANCED_FACE('',(#175),#35,.T.);
#1416=ADVANCED_FACE('',(#176),#36,.T.);
#1417=ADVANCED_FACE('',(#177),#84,.T.);
#1418=ADVANCED_FACE('',(#178),#37,.T.);
#1419=ADVANCED_FACE('',(#179),#38,.T.);
#1420=ADVANCED_FACE('',(#180),#85,.T.);
#1421=ADVANCED_FACE('',(#181),#39,.T.);
#1422=ADVANCED_FACE('',(#182),#120,.F.);
#1423=ADVANCED_FACE('',(#183),#121,.T.);
#1424=ADVANCED_FACE('',(#184),#1355,.T.);
#1425=ADVANCED_FACE('',(#185),#122,.F.);
#1426=ADVANCED_FACE('',(#186),#123,.F.);
#1427=ADVANCED_FACE('',(#187),#1356,.F.);
#1428=ADVANCED_FACE('',(#188),#86,.T.);
#1429=ADVANCED_FACE('',(#189),#1357,.T.);
#1430=ADVANCED_FACE('',(#190),#1358,.T.);
#1431=ADVANCED_FACE('',(#191),#1359,.T.);
#1432=ADVANCED_FACE('',(#192),#87,.T.);
#1433=ADVANCED_FACE('',(#193),#1360,.T.);
#1434=ADVANCED_FACE('',(#194),#1361,.T.);
#1435=ADVANCED_FACE('',(#195),#88,.T.);
#1436=ADVANCED_FACE('',(#196),#1362,.T.);
#1437=ADVANCED_FACE('',(#197),#1363,.F.);
#1438=ADVANCED_FACE('',(#198),#89,.T.);
#1439=ADVANCED_FACE('',(#199,#59),#90,.T.);
#1440=CLOSED_SHELL('',(#1364,#1365,#1366,#1367,#1368,#1369,#1370,#1371,
#1372,#1373,#1374,#1375,#1376,#1377,#1378,#1379,#1380,#1381,#1382,#1383,
#1384,#1385,#1386,#1387,#1388,#1389,#1390,#1391,#1392,#1393,#1394,#1395,
#1396,#1397,#1398,#1399,#1400,#1401,#1402,#1403,#1404));
#1441=CLOSED_SHELL('',(#1405,#1406,#1407,#1408,#1409,#1410,#1411,#1412,
#1413,#1414,#1415,#1416,#1417,#1418,#1419,#1420,#1421,#1422,#1423,#1424,
#1425,#1426,#1427,#1428,#1429,#1430,#1431,#1432,#1433,#1434,#1435,#1436,
#1437,#1438,#1439));
#1442=DERIVED_UNIT_ELEMENT(#1446,1.);
#1443=DERIVED_UNIT_ELEMENT(#2775,-3.);
#1444=DERIVED_UNIT_ELEMENT(#1446,1.);
#1445=DERIVED_UNIT_ELEMENT(#2775,-3.);
#1446=(
MASS_UNIT()
NAMED_UNIT(*)
SI_UNIT(.KILO.,.GRAM.)
);
#1447=DERIVED_UNIT((#1442,#1443));
#1448=DERIVED_UNIT((#1444,#1445));
#1449=MEASURE_REPRESENTATION_ITEM('density measure',
POSITIVE_RATIO_MEASURE(7850.),#1447);
#1450=MEASURE_REPRESENTATION_ITEM('density measure',
POSITIVE_RATIO_MEASURE(7850.),#1448);
#1451=PROPERTY_DEFINITION_REPRESENTATION(#1461,#1455);
#1452=PROPERTY_DEFINITION_REPRESENTATION(#1462,#1456);
#1453=PROPERTY_DEFINITION_REPRESENTATION(#1463,#1457);
#1454=PROPERTY_DEFINITION_REPRESENTATION(#1464,#1458);
#1455=REPRESENTATION('material name',(#1459),#2771);
#1456=REPRESENTATION('density',(#1449),#2771);
#1457=REPRESENTATION('material name',(#1460),#2772);
#1458=REPRESENTATION('density',(#1450),#2772);
#1459=DESCRIPTIVE_REPRESENTATION_ITEM('Steel','Steel');
#1460=DESCRIPTIVE_REPRESENTATION_ITEM('Steel','Steel');
#1461=PROPERTY_DEFINITION('material property','material name',#2791);
#1462=PROPERTY_DEFINITION('material property','density of part',#2791);
#1463=PROPERTY_DEFINITION('material property','material name',#2792);
#1464=PROPERTY_DEFINITION('material property','density of part',#2792);
#1465=AXIS2_PLACEMENT_3D('',#2050,#1628,#1629);
#1466=AXIS2_PLACEMENT_3D('',#2051,#1630,#1631);
#1467=AXIS2_PLACEMENT_3D('',#2052,#1632,#1633);
#1468=AXIS2_PLACEMENT_3D('',#2055,#1634,#1635);
#1469=AXIS2_PLACEMENT_3D('',#2059,#1637,#1638);
#1470=AXIS2_PLACEMENT_3D('',#2061,#1640,#1641);
#1471=AXIS2_PLACEMENT_3D('',#2076,#1642,#1643);
#1472=AXIS2_PLACEMENT_3D('',#2077,#1644,#1645);
#1473=AXIS2_PLACEMENT_3D('',#2078,#1646,#1647);
#1474=AXIS2_PLACEMENT_3D('',#2084,#1650,#1651);
#1475=AXIS2_PLACEMENT_3D('',#2089,#1654,#1655);
#1476=AXIS2_PLACEMENT_3D('',#2090,#1656,#1657);
#1477=AXIS2_PLACEMENT_3D('',#2094,#1660,#1661);
#1478=AXIS2_PLACEMENT_3D('',#2097,#1662,#1663);
#1479=AXIS2_PLACEMENT_3D('',#2099,#1664,#1665);
#1480=AXIS2_PLACEMENT_3D('',#2113,#1666,#1667);
#1481=AXIS2_PLACEMENT_3D('',#2114,#1668,#1669);
#1482=AXIS2_PLACEMENT_3D('',#2117,#1670,#1671);
#1483=AXIS2_PLACEMENT_3D('',#2120,#1674,#1675);
#1484=AXIS2_PLACEMENT_3D('',#2126,#1679,#1680);
#1485=AXIS2_PLACEMENT_3D('',#2130,#1682,#1683);
#1486=AXIS2_PLACEMENT_3D('',#2135,#1686,#1687);
#1487=AXIS2_PLACEMENT_3D('',#2136,#1688,#1689);
#1488=AXIS2_PLACEMENT_3D('',#2150,#1690,#1691);
#1489=AXIS2_PLACEMENT_3D('',#2162,#1692,#1693);
#1490=AXIS2_PLACEMENT_3D('',#2163,#1694,#1695);
#1491=AXIS2_PLACEMENT_3D('',#2236,#1706,#1707);
#1492=AXIS2_PLACEMENT_3D('',#2239,#1709,#1710);
#1493=AXIS2_PLACEMENT_3D('',#2240,#1711,#1712);
#1494=AXIS2_PLACEMENT_3D('',#2242,#1713,#1714);
#1495=AXIS2_PLACEMENT_3D('',#2254,#1715,#1716);
#1496=AXIS2_PLACEMENT_3D('',#2255,#1717,#1718);
#1497=AXIS2_PLACEMENT_3D('',#2286,#1724,#1725);
#1498=AXIS2_PLACEMENT_3D('',#2287,#1726,#1727);
#1499=AXIS2_PLACEMENT_3D('',#2288,#1728,#1729);
#1500=AXIS2_PLACEMENT_3D('',#2289,#1730,#1731);
#1501=AXIS2_PLACEMENT_3D('',#2290,#1732,#1733);
#1502=AXIS2_PLACEMENT_3D('',#2291,#1734,#1735);
#1503=AXIS2_PLACEMENT_3D('',#2292,#1736,#1737);
#1504=AXIS2_PLACEMENT_3D('',#2305,#1738,#1739);
#1505=AXIS2_PLACEMENT_3D('',#2306,#1740,#1741);
#1506=AXIS2_PLACEMENT_3D('',#2307,#1742,#1743);
#1507=AXIS2_PLACEMENT_3D('',#2309,#1745,#1746);
#1508=AXIS2_PLACEMENT_3D('',#2321,#1747,#1748);
#1509=AXIS2_PLACEMENT_3D('',#2322,#1749,#1750);
#1510=AXIS2_PLACEMENT_3D('',#2323,#1751,#1752);
#1511=AXIS2_PLACEMENT_3D('',#2324,#1753,#1754);
#1512=AXIS2_PLACEMENT_3D('',#2338,#1755,#1756);
#1513=AXIS2_PLACEMENT_3D('',#2339,#1757,#1758);
#1514=AXIS2_PLACEMENT_3D('',#2354,#1760,#1761);
#1515=AXIS2_PLACEMENT_3D('',#2355,#1762,#1763);
#1516=AXIS2_PLACEMENT_3D('',#2381,#1765,#1766);
#1517=AXIS2_PLACEMENT_3D('',#2383,#1767,#1768);
#1518=AXIS2_PLACEMENT_3D('',#2386,#1770,#1771);
#1519=AXIS2_PLACEMENT_3D('',#2389,#1773,#1774);
#1520=AXIS2_PLACEMENT_3D('',#2391,#1775,#1776);
#1521=AXIS2_PLACEMENT_3D('',#2395,#1778,#1779);
#1522=AXIS2_PLACEMENT_3D('',#2398,#1781,#1782);
#1523=AXIS2_PLACEMENT_3D('',#2399,#1783,#1784);
#1524=AXIS2_PLACEMENT_3D('',#2401,#1786,#1787);
#1525=AXIS2_PLACEMENT_3D('',#2415,#1794,#1795);
#1526=AXIS2_PLACEMENT_3D('',#2430,#1796,#1797);
#1527=AXIS2_PLACEMENT_3D('',#2432,#1799,#1800);
#1528=AXIS2_PLACEMENT_3D('',#2436,#1803,#1804);
#1529=AXIS2_PLACEMENT_3D('',#2439,#1806,#1807);
#1530=AXIS2_PLACEMENT_3D('',#2478,#1809,#1810);
#1531=AXIS2_PLACEMENT_3D('',#2480,#1811,#1812);
#1532=AXIS2_PLACEMENT_3D('',#2483,#1814,#1815);
#1533=AXIS2_PLACEMENT_3D('',#2484,#1816,#1817);
#1534=AXIS2_PLACEMENT_3D('',#2488,#1820,#1821);
#1535=AXIS2_PLACEMENT_3D('',#2489,#1822,#1823);
#1536=AXIS2_PLACEMENT_3D('',#2490,#1824,#1825);
#1537=AXIS2_PLACEMENT_3D('',#2491,#1826,#1827);
#1538=AXIS2_PLACEMENT_3D('',#2492,#1828,#1829);
#1539=AXIS2_PLACEMENT_3D('',#2498,#1833,#1834);
#1540=AXIS2_PLACEMENT_3D('',#2502,#1837,#1838);
#1541=AXIS2_PLACEMENT_3D('',#2506,#1841,#1842);
#1542=AXIS2_PLACEMENT_3D('',#2510,#1845,#1846);
#1543=AXIS2_PLACEMENT_3D('',#2512,#1848,#1849);
#1544=AXIS2_PLACEMENT_3D('',#2513,#1850,#1851);
#1545=AXIS2_PLACEMENT_3D('',#2514,#1852,#1853);
#1546=AXIS2_PLACEMENT_3D('',#2516,#1854,#1855);
#1547=AXIS2_PLACEMENT_3D('',#2519,#1857,#1858);
#1548=AXIS2_PLACEMENT_3D('',#2520,#1859,#1860);
#1549=AXIS2_PLACEMENT_3D('',#2522,#1861,#1862);
#1550=AXIS2_PLACEMENT_3D('',#2524,#1864,#1865);
#1551=AXIS2_PLACEMENT_3D('',#2526,#1866,#1867);
#1552=AXIS2_PLACEMENT_3D('',#2527,#1868,#1869);
#1553=AXIS2_PLACEMENT_3D('',#2529,#1870,#1871);
#1554=AXIS2_PLACEMENT_3D('',#2531,#1873,#1874);
#1555=AXIS2_PLACEMENT_3D('',#2533,#1875,#1876);
#1556=AXIS2_PLACEMENT_3D('',#2534,#1877,#1878);
#1557=AXIS2_PLACEMENT_3D('',#2536,#1879,#1880);
#1558=AXIS2_PLACEMENT_3D('',#2539,#1882,#1883);
#1559=AXIS2_PLACEMENT_3D('',#2540,#1884,#1885);
#1560=AXIS2_PLACEMENT_3D('',#2543,#1886,#1887);
#1561=AXIS2_PLACEMENT_3D('',#2547,#1889,#1890);
#1562=AXIS2_PLACEMENT_3D('',#2551,#1892,#1893);
#1563=AXIS2_PLACEMENT_3D('',#2555,#1895,#1896);
#1564=AXIS2_PLACEMENT_3D('',#2559,#1898,#1899);
#1565=AXIS2_PLACEMENT_3D('',#2563,#1901,#1902);
#1566=AXIS2_PLACEMENT_3D('',#2566,#1904,#1905);
#1567=AXIS2_PLACEMENT_3D('',#2567,#1906,#1907);
#1568=AXIS2_PLACEMENT_3D('',#2570,#1908,#1909);
#1569=AXIS2_PLACEMENT_3D('',#2572,#1911,#1912);
#1570=AXIS2_PLACEMENT_3D('',#2573,#1913,#1914);
#1571=AXIS2_PLACEMENT_3D('',#2579,#1915,#1916);
#1572=AXIS2_PLACEMENT_3D('',#2583,#1917,#1918);
#1573=AXIS2_PLACEMENT_3D('',#2593,#1922,#1923);
#1574=AXIS2_PLACEMENT_3D('',#2598,#1924,#1925);
#1575=AXIS2_PLACEMENT_3D('',#2599,#1926,#1927);
#1576=AXIS2_PLACEMENT_3D('',#2605,#1928,#1929);
#1577=AXIS2_PLACEMENT_3D('',#2609,#1930,#1931);
#1578=AXIS2_PLACEMENT_3D('',#2619,#1935,#1936);
#1579=AXIS2_PLACEMENT_3D('',#2628,#1937,#1938);
#1580=AXIS2_PLACEMENT_3D('',#2629,#1939,#1940);
#1581=AXIS2_PLACEMENT_3D('',#2635,#1941,#1942);
#1582=AXIS2_PLACEMENT_3D('',#2639,#1943,#1944);
#1583=AXIS2_PLACEMENT_3D('',#2645,#1948,#1949);
#1584=AXIS2_PLACEMENT_3D('',#2650,#1950,#1951);
#1585=AXIS2_PLACEMENT_3D('',#2651,#1952,#1953);
#1586=AXIS2_PLACEMENT_3D('',#2652,#1954,#1955);
#1587=AXIS2_PLACEMENT_3D('',#2653,#1956,#1957);
#1588=AXIS2_PLACEMENT_3D('',#2655,#1958,#1959);
#1589=AXIS2_PLACEMENT_3D('',#2657,#1960,#1961);
#1590=AXIS2_PLACEMENT_3D('',#2658,#1962,#1963);
#1591=AXIS2_PLACEMENT_3D('',#2659,#1964,#1965);
#1592=AXIS2_PLACEMENT_3D('',#2663,#1967,#1968);
#1593=AXIS2_PLACEMENT_3D('',#2664,#1969,#1970);
#1594=AXIS2_PLACEMENT_3D('',#2665,#1971,#1972);
#1595=AXIS2_PLACEMENT_3D('',#2667,#1973,#1974);
#1596=AXIS2_PLACEMENT_3D('',#2669,#1975,#1976);
#1597=AXIS2_PLACEMENT_3D('',#2698,#1977,#1978);
#1598=AXIS2_PLACEMENT_3D('',#2699,#1979,#1980);
#1599=AXIS2_PLACEMENT_3D('',#2717,#1981,#1982);
#1600=AXIS2_PLACEMENT_3D('',#2719,#1983,#1984);
#1601=AXIS2_PLACEMENT_3D('',#2721,#1985,#1986);
#1602=AXIS2_PLACEMENT_3D('',#2722,#1987,#1988);
#1603=AXIS2_PLACEMENT_3D('',#2723,#1989,#1990);
#1604=AXIS2_PLACEMENT_3D('',#2724,#1991,#1992);
#1605=AXIS2_PLACEMENT_3D('',#2726,#1993,#1994);
#1606=AXIS2_PLACEMENT_3D('',#2728,#1996,#1997);
#1607=AXIS2_PLACEMENT_3D('',#2734,#2001,#2002);
#1608=AXIS2_PLACEMENT_3D('',#2735,#2003,#2004);
#1609=AXIS2_PLACEMENT_3D('',#2736,#2005,#2006);
#1610=AXIS2_PLACEMENT_3D('',#2737,#2007,#2008);
#1611=AXIS2_PLACEMENT_3D('',#2738,#2009,#2010);
#1612=AXIS2_PLACEMENT_3D('',#2741,#2012,#2013);
#1613=AXIS2_PLACEMENT_3D('',#2742,#2014,#2015);
#1614=AXIS2_PLACEMENT_3D('',#2746,#2018,#2019);
#1615=AXIS2_PLACEMENT_3D('',#2747,#2020,#2021);
#1616=AXIS2_PLACEMENT_3D('',#2748,#2022,#2023);
#1617=AXIS2_PLACEMENT_3D('',#2751,#2025,#2026);
#1618=AXIS2_PLACEMENT_3D('',#2752,#2027,#2028);
#1619=AXIS2_PLACEMENT_3D('',#2756,#2031,#2032);
#1620=AXIS2_PLACEMENT_3D('',#2757,#2033,#2034);
#1621=AXIS2_PLACEMENT_3D('',#2758,#2035,#2036);
#1622=AXIS2_PLACEMENT_3D('',#2759,#2037,#2038);
#1623=AXIS2_PLACEMENT_3D('',#2760,#2039,#2040);
#1624=AXIS2_PLACEMENT_3D('',#2762,#2042,#2043);
#1625=AXIS2_PLACEMENT_3D('',#2763,#2044,#2045);
#1626=AXIS2_PLACEMENT_3D('',#2764,#2046,#2047);
#1627=AXIS2_PLACEMENT_3D('',#2765,#2048,#2049);
#1628=DIRECTION('axis',(0.,0.,1.));
#1629=DIRECTION('refdir',(1.,0.,0.));
#1630=DIRECTION('axis',(0.,0.,1.));
#1631=DIRECTION('refdir',(1.,0.,0.));
#1632=DIRECTION('center_axis',(4.7545218500629E-16,1.11022302462516E-15,
1.));
#1633=DIRECTION('ref_axis',(-0.707106781186547,-0.707106781186548,0.));
#1634=DIRECTION('center_axis',(0.,0.,1.));
#1635=DIRECTION('ref_axis',(-1.,-6.93889390390723E-16,0.));
#1636=DIRECTION('',(-4.7545218500629E-16,-1.11022302462516E-15,-1.));
#1637=DIRECTION('center_axis',(4.8557437321295E-31,-7.91602951022125E-16,
-1.));
#1638=DIRECTION('ref_axis',(-0.707106781186547,-0.707106781186548,0.));
#1639=DIRECTION('',(4.7545218500629E-16,1.11022302462516E-15,1.));
#1640=DIRECTION('center_axis',(6.1340647174947E-16,-1.,1.11022302462516E-15));
#1641=DIRECTION('ref_axis',(0.,-1.09202256180885E-15,-1.));
#1642=DIRECTION('center_axis',(-6.1340647174947E-16,1.,-1.11022302462516E-15));
#1643=DIRECTION('ref_axis',(0.853851030215107,1.10164820816174E-15,0.520517452349679));
#1644=DIRECTION('center_axis',(6.1340647174947E-16,-1.,1.11022302462516E-15));
#1645=DIRECTION('ref_axis',(0.853851030215107,1.1102229069817E-15,0.520517452349679));
#1646=DIRECTION('center_axis',(0.,1.,0.));
#1647=DIRECTION('ref_axis',(0.130526237574234,0.,0.991444855402818));
#1648=DIRECTION('',(0.,1.,0.));
#1649=DIRECTION('',(-5.55111512312578E-16,1.,-1.11022302462516E-15));
#1650=DIRECTION('center_axis',(-6.1340647174947E-16,1.,-1.11022302462516E-15));
#1651=DIRECTION('ref_axis',(0.130526237574234,1.18079054497551E-15,0.991444855402818));
#1652=DIRECTION('',(-5.55111512312578E-16,1.,-1.11022302462516E-15));
#1653=DIRECTION('',(0.,1.,0.));
#1654=DIRECTION('center_axis',(-6.1340647174947E-16,1.,-1.11022302462516E-15));
#1655=DIRECTION('ref_axis',(0.130526237574234,1.18079054497551E-15,0.991444855402818));
#1656=DIRECTION('center_axis',(1.,5.55111512312578E-16,-4.75452185006291E-16));
#1657=DIRECTION('ref_axis',(-4.75452185006291E-16,-1.60915076191279E-16,
-1.));
#1658=DIRECTION('',(-5.55111512312578E-16,1.,-1.11022302462516E-15));
#1659=DIRECTION('',(-4.75452185006291E-16,-1.60915076191279E-16,-1.));
#1660=DIRECTION('center_axis',(6.1340647174947E-16,-1.,1.11022302462516E-15));
#1661=DIRECTION('ref_axis',(0.,-1.09202252746553E-15,-1.));
#1662=DIRECTION('center_axis',(2.38542074981752E-8,0.,-1.));
#1663=DIRECTION('ref_axis',(1.,0.,2.38542074981752E-8));
#1664=DIRECTION('center_axis',(-6.1340647174947E-16,1.,-1.11022302462516E-15));
#1665=DIRECTION('ref_axis',(-0.853851016496148,5.41327458741729E-17,0.520517474854106));
#1666=DIRECTION('center_axis',(6.1340647174947E-16,-1.,1.11022302462516E-15));
#1667=DIRECTION('ref_axis',(-0.853851016496148,6.16790477584176E-17,0.520517474854106));
#1668=DIRECTION('center_axis',(2.35961233245203E-8,-1.11022301015114E-15,
-1.));
#1669=DIRECTION('ref_axis',(0.707106781186548,-0.707106781186547,1.66849800353178E-8));
#1670=DIRECTION('center_axis',(4.8557437321295E-31,-7.91602951022125E-16,
-1.));
#1671=DIRECTION('ref_axis',(0.707106781186548,-0.707106781186547,5.59747813634016E-16));
#1672=DIRECTION('',(-2.35961233245203E-8,1.11022301015114E-15,1.));
#1673=DIRECTION('',(2.35961233245203E-8,-1.11022301015114E-15,-1.));
#1674=DIRECTION('center_axis',(-1.,-5.55111538509538E-16,-2.35961233245203E-8));
#1675=DIRECTION('ref_axis',(-2.35961233245203E-8,-4.43497692334028E-16,
1.));
#1676=DIRECTION('',(-5.55111512312578E-16,1.,-1.11022302462516E-15));
#1677=DIRECTION('',(-2.35961233245203E-8,-4.43497692334028E-16,1.));
#1678=DIRECTION('',(-5.55111512312578E-16,1.,-1.11022302462516E-15));
#1679=DIRECTION('center_axis',(0.,1.,0.));
#1680=DIRECTION('ref_axis',(-1.,0.,-2.38542088878819E-8));
#1681=DIRECTION('',(0.,1.,0.));
#1682=DIRECTION('center_axis',(-6.13406474385893E-16,1.,-1.11022302462516E-15));
#1683=DIRECTION('ref_axis',(-1.,-6.13406500869385E-16,-2.38542088878819E-8));
#1684=DIRECTION('',(0.,1.,0.));
#1685=DIRECTION('',(-5.55111512312578E-16,1.,-1.11022302462516E-15));
#1686=DIRECTION('center_axis',(-6.13406474385893E-16,1.,-1.11022302462516E-15));
#1687=DIRECTION('ref_axis',(-1.,-6.13406500869385E-16,-2.38542088878819E-8));
#1688=DIRECTION('center_axis',(-6.1340647174947E-16,1.,-1.11022302462516E-15));
#1689=DIRECTION('ref_axis',(0.,1.07516335016331E-15,1.));
#1690=DIRECTION('center_axis',(6.1340647174947E-16,-1.,1.11022302462516E-15));
#1691=DIRECTION('ref_axis',(-0.927208926421268,-1.60690174616799E-16,0.374544532418669));
#1692=DIRECTION('center_axis',(-6.1340647174947E-16,1.,-1.11022302462516E-15));
#1693=DIRECTION('ref_axis',(-0.927208926421268,-1.52927992492015E-16,0.374544532418669));
#1694=DIRECTION('center_axis',(4.8557437321295E-31,-7.91602951022125E-16,
-1.));
#1695=DIRECTION('ref_axis',(-1.,-6.1340647174947E-16,0.));
#1696=DIRECTION('',(-7.91602951022125E-16,1.,-7.91602951022125E-16));
#1697=DIRECTION('',(-1.,0.,-4.8557437321295E-31));
#1698=DIRECTION('',(-7.91602951022125E-16,1.,-7.91602951022125E-16));
#1699=DIRECTION('',(-1.,-6.1340647174947E-16,0.));
#1700=DIRECTION('',(-1.,-6.1340647174947E-16,0.));
#1701=DIRECTION('',(-1.,-6.1340647174947E-16,0.));
#1702=DIRECTION('',(-5.93702213266594E-16,1.,-7.91602951022125E-16));
#1703=DIRECTION('',(-1.,0.,-4.8557437321295E-31));
#1704=DIRECTION('',(-5.93702213266594E-16,1.,-7.91602951022125E-16));
#1705=DIRECTION('',(-1.,-6.1340647174947E-16,0.));
#1706=DIRECTION('center_axis',(-7.91602951022125E-16,1.,-7.91602951022125E-16));
#1707=DIRECTION('ref_axis',(1.,7.91602951022125E-16,-1.41060858853987E-31));
#1708=DIRECTION('',(-7.91602951022125E-16,1.,-7.91602951022125E-16));
#1709=DIRECTION('center_axis',(0.,1.,0.));
#1710=DIRECTION('ref_axis',(-0.927208926421268,0.,0.374544532418669));
#1711=DIRECTION('center_axis',(-6.1340647174947E-16,1.,-1.11022302462516E-15));
#1712=DIRECTION('ref_axis',(0.,1.07516335016331E-15,1.));
#1713=DIRECTION('center_axis',(6.1340647174947E-16,-1.,1.11022302462516E-15));
#1714=DIRECTION('ref_axis',(0.927208926421268,9.7874924539323E-16,0.374544532418669));
#1715=DIRECTION('center_axis',(-6.1340647174947E-16,1.,-1.11022302462516E-15));
#1716=DIRECTION('ref_axis',(0.927208926421268,9.84583919769353E-16,0.374544532418669));
#1717=DIRECTION('center_axis',(-4.8557437321295E-31,7.91602951022125E-16,
1.));
#1718=DIRECTION('ref_axis',(1.,6.1340647174947E-16,0.));
#1719=DIRECTION('',(-5.93702213266594E-16,1.,-7.91602951022125E-16));
#1720=DIRECTION('',(1.,0.,4.8557437321295E-31));
#1721=DIRECTION('',(-5.93702213266594E-16,1.,-7.91602951022125E-16));
#1722=DIRECTION('',(1.,6.1340647174947E-16,0.));
#1723=DIRECTION('',(-1.,-6.1340647174947E-16,0.));
#1724=DIRECTION('center_axis',(-5.93702213266594E-16,1.,-7.91602951022125E-16));
#1725=DIRECTION('ref_axis',(1.,5.93702213266594E-16,1.55979491627476E-32));
#1726=DIRECTION('center_axis',(0.,1.,0.));
#1727=DIRECTION('ref_axis',(0.927208926421269,0.,0.374544532418668));
#1728=DIRECTION('center_axis',(6.1340647174947E-16,-1.,1.11022302462516E-15));
#1729=DIRECTION('ref_axis',(0.,-1.09746184043406E-15,-1.));
#1730=DIRECTION('center_axis',(6.1340647174947E-16,-1.,1.11022302462516E-15));
#1731=DIRECTION('ref_axis',(0.912136811955215,1.0145753672574E-15,0.409885882016174));
#1732=DIRECTION('center_axis',(-6.1340647174947E-16,1.,-1.11022302462516E-15));
#1733=DIRECTION('ref_axis',(0.912136811955215,1.0208947352875E-15,0.409885882016174));
#1734=DIRECTION('center_axis',(-6.1340647174947E-16,1.,-1.11022302462516E-15));
#1735=DIRECTION('ref_axis',(1.,6.1340647174947E-16,0.));
#1736=DIRECTION('center_axis',(6.1340647174947E-16,-1.,1.11022302462516E-15));
#1737=DIRECTION('ref_axis',(0.,-1.09746184043406E-15,-1.));
#1738=DIRECTION('center_axis',(6.1340647174947E-16,-1.,1.11022302462516E-15));
#1739=DIRECTION('ref_axis',(-0.912136811955215,-1.04445879891112E-16,0.409885882016174));
#1740=DIRECTION('center_axis',(-6.1340647174947E-16,1.,-1.11022302462516E-15));
#1741=DIRECTION('ref_axis',(-0.912136811955215,-9.57088814332032E-17,0.409885882016174));
#1742=DIRECTION('center_axis',(-6.1340647174947E-16,1.,-1.11022302462516E-15));
#1743=DIRECTION('ref_axis',(1.,6.1340647174947E-16,0.));
#1744=DIRECTION('',(1.,6.1340647174947E-16,0.));
#1745=DIRECTION('center_axis',(0.,1.,0.));
#1746=DIRECTION('ref_axis',(0.,0.,1.));
#1747=DIRECTION('center_axis',(0.,-1.,0.));
#1748=DIRECTION('ref_axis',(-0.927208926421268,0.,0.374544532418669));
#1749=DIRECTION('center_axis',(0.,1.,0.));
#1750=DIRECTION('ref_axis',(0.,0.,1.));
#1751=DIRECTION('center_axis',(0.,-1.,0.));
#1752=DIRECTION('ref_axis',(0.927208926421268,0.,0.374544532418668));
#1753=DIRECTION('center_axis',(-6.1340647174947E-16,1.,-1.11022302462516E-15));
#1754=DIRECTION('ref_axis',(1.,6.1340647174947E-16,-3.28131718548122E-47));
#1755=DIRECTION('center_axis',(6.1340647174947E-16,-1.,1.11022302462516E-15));
#1756=DIRECTION('ref_axis',(1.,6.1340647174947E-16,0.));
#1757=DIRECTION('center_axis',(-6.1340647174947E-16,1.,-1.11022302462516E-15));
#1758=DIRECTION('ref_axis',(1.,6.1340647174947E-16,0.));
#1759=DIRECTION('',(-1.,-6.1340647174947E-16,0.));
#1760=DIRECTION('center_axis',(6.1340647174947E-16,-1.,1.11022302462516E-15));
#1761=DIRECTION('ref_axis',(1.,6.1340647174947E-16,0.));
#1762=DIRECTION('center_axis',(0.,1.,0.));
#1763=DIRECTION('ref_axis',(1.,0.,0.));
#1764=DIRECTION('',(0.,-1.,0.));
#1765=DIRECTION('center_axis',(0.,-1.,0.));
#1766=DIRECTION('ref_axis',(1.,0.,0.));
#1767=DIRECTION('center_axis',(0.,1.,0.));
#1768=DIRECTION('ref_axis',(1.,0.,0.));
#1769=DIRECTION('',(-7.91602951022125E-16,1.,-7.91602951022125E-16));
#1770=DIRECTION('center_axis',(0.,1.,0.));
#1771=DIRECTION('ref_axis',(1.,0.,0.));
#1772=DIRECTION('',(0.,1.,0.));
#1773=DIRECTION('center_axis',(0.,-1.,0.));
#1774=DIRECTION('ref_axis',(1.,0.,0.));
#1775=DIRECTION('center_axis',(0.,1.,0.));
#1776=DIRECTION('ref_axis',(1.,0.,0.));
#1777=DIRECTION('',(-7.91602951022125E-16,1.,-1.58320590204425E-15));
#1778=DIRECTION('center_axis',(-6.1340647174947E-16,1.,-1.11022302462516E-15));
#1779=DIRECTION('ref_axis',(1.,6.1340647174947E-16,0.));
#1780=DIRECTION('',(-7.91602951022125E-16,1.,-1.58320590204425E-15));
#1781=DIRECTION('center_axis',(0.,1.,0.));
#1782=DIRECTION('ref_axis',(1.,0.,0.));
#1783=DIRECTION('center_axis',(-4.8557437321295E-31,7.91602951022125E-16,
1.));
#1784=DIRECTION('ref_axis',(1.,6.1340647174947E-16,0.));
#1785=DIRECTION('',(1.,0.,4.8557437321295E-31));
#1786=DIRECTION('center_axis',(0.,1.,0.));
#1787=DIRECTION('ref_axis',(1.,0.,0.));
#1788=DIRECTION('',(0.263754997767212,0.,-0.964589706120078));
#1789=DIRECTION('',(1.,0.,0.));
#1790=DIRECTION('',(-1.46081976924363E-15,0.,1.));
#1791=DIRECTION('',(-1.,0.,-1.25387030193411E-15));
#1792=DIRECTION('',(4.82705662880503E-16,0.,-1.));
#1793=DIRECTION('',(4.75454217832434E-16,0.,-1.));
#1794=DIRECTION('center_axis',(0.,1.,0.));
#1795=DIRECTION('ref_axis',(1.,7.91602951022128E-16,1.97372961241192E-15));
#1796=DIRECTION('center_axis',(0.,1.,0.));
#1797=DIRECTION('ref_axis',(-0.130526506396057,-1.67298645824346E-15,-0.991444820011704));
#1798=DIRECTION('',(-3.78087562828939E-7,0.,0.999999999999929));
#1799=DIRECTION('center_axis',(-0.999999999999929,-7.9160354961253E-16,
-3.78087562828939E-7));
#1800=DIRECTION('ref_axis',(-3.78087562828939E-7,2.06113122590891E-15,0.999999999999929));
#1801=DIRECTION('',(-7.91602951022125E-16,1.,-1.58320590204425E-15));
#1802=DIRECTION('',(-3.78087562828939E-7,2.06113122590891E-15,0.999999999999929));
#1803=DIRECTION('center_axis',(-7.91602951022125E-16,1.,-1.58320590204425E-15));
#1804=DIRECTION('ref_axis',(-0.130526506396057,-1.67298645824346E-15,-0.991444820011704));
#1805=DIRECTION('',(-7.91602951022125E-16,1.,-1.58320590204425E-15));
#1806=DIRECTION('center_axis',(-6.13406471356729E-16,1.,-1.11022302462516E-15));
#1807=DIRECTION('ref_axis',(-0.130526506396057,-1.18079067052926E-15,-0.991444820011704));
#1808=DIRECTION('',(-7.91602951022125E-16,1.,-1.58320590204425E-15));
#1809=DIRECTION('center_axis',(-7.91602951022125E-16,1.,-1.58320590204425E-15));
#1810=DIRECTION('ref_axis',(1.,7.91602951022125E-16,-2.82121717707973E-31));
#1811=DIRECTION('center_axis',(0.,-1.,0.));
#1812=DIRECTION('ref_axis',(1.,7.91602951022125E-16,-2.82121717707973E-31));
#1813=DIRECTION('',(7.91602951022125E-16,-1.,1.58320590204425E-15));
#1814=DIRECTION('center_axis',(6.1340647174947E-16,-1.,1.11022302462516E-15));
#1815=DIRECTION('ref_axis',(1.,6.1340647174947E-16,0.));
#1816=DIRECTION('center_axis',(1.,7.91602951022126E-16,4.75454217832434E-16));
#1817=DIRECTION('ref_axis',(4.75454217832435E-16,-1.69209919091402E-15,
-1.));
#1818=DIRECTION('',(-4.75454217832435E-16,1.69209919091402E-15,1.));
#1819=DIRECTION('',(-7.91602951022125E-16,1.,-1.58320590204425E-15));
#1820=DIRECTION('center_axis',(-7.91602951022125E-16,1.,-1.58320590204425E-15));
#1821=DIRECTION('ref_axis',(1.,7.91602951022128E-16,1.97372961241192E-15));
#1822=DIRECTION('center_axis',(-6.1340647174947E-16,1.,-1.11022302462516E-15));
#1823=DIRECTION('ref_axis',(1.,6.13406471749472E-16,1.97372961241192E-15));
#1824=DIRECTION('center_axis',(-6.1340647174947E-16,1.,-1.11022302462516E-15));
#1825=DIRECTION('ref_axis',(1.,6.1340647174947E-16,0.));
#1826=DIRECTION('center_axis',(0.,1.,0.));
#1827=DIRECTION('ref_axis',(1.,0.,0.));
#1828=DIRECTION('center_axis',(-1.,0.,-4.82705662880503E-16));
#1829=DIRECTION('ref_axis',(4.82705662880503E-16,0.,-1.));
#1830=DIRECTION('',(-4.82705662880503E-16,0.,1.));
#1831=DIRECTION('',(0.,-1.,0.));
#1832=DIRECTION('',(0.,-1.,0.));
#1833=DIRECTION('center_axis',(-1.25387030193411E-15,0.,1.));
#1834=DIRECTION('ref_axis',(-1.,0.,-1.25387030193411E-15));
#1835=DIRECTION('',(1.,0.,1.25387030193411E-15));
#1836=DIRECTION('',(0.,-1.,0.));
#1837=DIRECTION('center_axis',(1.,0.,1.46081976924363E-15));
#1838=DIRECTION('ref_axis',(-1.46081976924363E-15,0.,1.));
#1839=DIRECTION('',(1.46081976924363E-15,0.,-1.));
#1840=DIRECTION('',(0.,-1.,0.));
#1841=DIRECTION('center_axis',(0.,0.,-1.));
#1842=DIRECTION('ref_axis',(1.,0.,0.));
#1843=DIRECTION('',(-1.,0.,0.));
#1844=DIRECTION('',(0.,-1.,0.));
#1845=DIRECTION('center_axis',(-0.964589706120078,0.,-0.263754997767212));
#1846=DIRECTION('ref_axis',(0.263754997767212,0.,-0.964589706120078));
#1847=DIRECTION('',(-0.263754997767212,0.,0.964589706120078));
#1848=DIRECTION('center_axis',(0.,1.,0.));
#1849=DIRECTION('ref_axis',(1.,0.,0.));
#1850=DIRECTION('axis',(0.,0.,1.));
#1851=DIRECTION('refdir',(1.,0.,0.));
#1852=DIRECTION('center_axis',(0.,1.,0.));
#1853=DIRECTION('ref_axis',(1.,0.,0.));
#1854=DIRECTION('center_axis',(0.,1.,0.));
#1855=DIRECTION('ref_axis',(1.,0.,0.));
#1856=DIRECTION('',(0.707106781186547,-0.707106781186547,-8.65956056235494E-17));
#1857=DIRECTION('center_axis',(0.,-1.,0.));
#1858=DIRECTION('ref_axis',(1.,0.,0.));
#1859=DIRECTION('center_axis',(0.,-1.,0.));
#1860=DIRECTION('ref_axis',(1.,0.,0.));
#1861=DIRECTION('center_axis',(0.,1.,0.));
#1862=DIRECTION('ref_axis',(1.,0.,0.));
#1863=DIRECTION('',(0.,1.,0.));
#1864=DIRECTION('center_axis',(0.,1.,0.));
#1865=DIRECTION('ref_axis',(1.,0.,0.));
#1866=DIRECTION('center_axis',(0.,-1.,0.));
#1867=DIRECTION('ref_axis',(1.,0.,0.));
#1868=DIRECTION('center_axis',(0.,-1.,0.));
#1869=DIRECTION('ref_axis',(1.,0.,0.));
#1870=DIRECTION('center_axis',(0.,-1.,0.));
#1871=DIRECTION('ref_axis',(1.,0.,0.));
#1872=DIRECTION('',(0.707106781186547,0.707106781186547,8.65956056235494E-17));
#1873=DIRECTION('center_axis',(0.,1.,0.));
#1874=DIRECTION('ref_axis',(1.,0.,0.));
#1875=DIRECTION('center_axis',(0.,1.,0.));
#1876=DIRECTION('ref_axis',(1.,0.,0.));
#1877=DIRECTION('center_axis',(0.,-1.,0.));
#1878=DIRECTION('ref_axis',(1.,0.,0.));
#1879=DIRECTION('center_axis',(0.,1.,0.));
#1880=DIRECTION('ref_axis',(1.,0.,0.));
#1881=DIRECTION('',(-0.707106781186548,-0.707106781186547,8.65956056235493E-17));
#1882=DIRECTION('center_axis',(0.,-1.,0.));
#1883=DIRECTION('ref_axis',(1.,0.,0.));
#1884=DIRECTION('center_axis',(0.,1.,0.));
#1885=DIRECTION('ref_axis',(1.,0.,0.));
#1886=DIRECTION('center_axis',(0.,1.,0.));
#1887=DIRECTION('ref_axis',(1.,0.,0.));
#1888=DIRECTION('',(0.707106781186547,0.,-0.707106781186548));
#1889=DIRECTION('center_axis',(0.,1.,0.));
#1890=DIRECTION('ref_axis',(1.,0.,0.));
#1891=DIRECTION('',(0.707106781186547,0.,0.707106781186548));
#1892=DIRECTION('center_axis',(0.,1.,0.));
#1893=DIRECTION('ref_axis',(1.,0.,0.));
#1894=DIRECTION('',(0.707106781186547,0.,0.707106781186548));
#1895=DIRECTION('center_axis',(0.,1.,0.));
#1896=DIRECTION('ref_axis',(-1.,0.,0.));
#1897=DIRECTION('',(1.,0.,0.));
#1898=DIRECTION('center_axis',(0.,1.,0.));
#1899=DIRECTION('ref_axis',(-1.,0.,0.));
#1900=DIRECTION('',(1.,0.,0.));
#1901=DIRECTION('center_axis',(0.,1.,0.));
#1902=DIRECTION('ref_axis',(-1.,0.,0.));
#1903=DIRECTION('',(0.707106781186547,0.,-0.707106781186548));
#1904=DIRECTION('center_axis',(0.,-1.,0.));
#1905=DIRECTION('ref_axis',(1.,0.,0.));
#1906=DIRECTION('center_axis',(0.,1.,0.));
#1907=DIRECTION('ref_axis',(1.,0.,0.));
#1908=DIRECTION('center_axis',(0.,-1.,0.));
#1909=DIRECTION('ref_axis',(1.,0.,0.));
#1910=DIRECTION('',(0.,-1.,0.));
#1911=DIRECTION('center_axis',(0.,-1.,0.));
#1912=DIRECTION('ref_axis',(1.,0.,0.));
#1913=DIRECTION('center_axis',(0.,1.,0.));
#1914=DIRECTION('ref_axis',(1.,0.,0.));
#1915=DIRECTION('center_axis',(0.,-1.,0.));
#1916=DIRECTION('ref_axis',(1.,0.,0.));
#1917=DIRECTION('center_axis',(-0.707106781186548,0.,-0.707106781186547));
#1918=DIRECTION('ref_axis',(-0.707106781186547,0.,0.707106781186548));
#1919=DIRECTION('',(0.,-1.,0.));
#1920=DIRECTION('',(-0.707106781186547,0.,0.707106781186548));
#1921=DIRECTION('',(0.,1.,0.));
#1922=DIRECTION('center_axis',(0.,1.,0.));
#1923=DIRECTION('ref_axis',(-1.,0.,0.));
#1924=DIRECTION('center_axis',(0.,-1.,0.));
#1925=DIRECTION('ref_axis',(-1.,0.,0.));
#1926=DIRECTION('center_axis',(0.,1.,0.));
#1927=DIRECTION('ref_axis',(-1.,0.,0.));
#1928=DIRECTION('center_axis',(0.,-1.,0.));
#1929=DIRECTION('ref_axis',(-1.,0.,0.));
#1930=DIRECTION('center_axis',(0.,0.,1.));
#1931=DIRECTION('ref_axis',(1.,0.,0.));
#1932=DIRECTION('',(0.,-1.,0.));
#1933=DIRECTION('',(1.,0.,0.));
#1934=DIRECTION('',(0.,1.,0.));
#1935=DIRECTION('center_axis',(0.,1.,0.));
#1936=DIRECTION('ref_axis',(1.,0.,0.));
#1937=DIRECTION('center_axis',(0.,-1.,0.));
#1938=DIRECTION('ref_axis',(1.,0.,0.));
#1939=DIRECTION('center_axis',(0.,1.,0.));
#1940=DIRECTION('ref_axis',(1.,0.,0.));
#1941=DIRECTION('center_axis',(0.,-1.,0.));
#1942=DIRECTION('ref_axis',(1.,0.,0.));
#1943=DIRECTION('center_axis',(0.707106781186548,0.,-0.707106781186547));
#1944=DIRECTION('ref_axis',(-0.707106781186547,0.,-0.707106781186548));
#1945=DIRECTION('',(0.,-1.,0.));
#1946=DIRECTION('',(-0.707106781186547,0.,-0.707106781186548));
#1947=DIRECTION('',(0.,1.,0.));
#1948=DIRECTION('center_axis',(0.,1.,0.));
#1949=DIRECTION('ref_axis',(-1.,0.,0.));
#1950=DIRECTION('center_axis',(0.,-1.,0.));
#1951=DIRECTION('ref_axis',(-1.,0.,0.));
#1952=DIRECTION('center_axis',(0.,1.,0.));
#1953=DIRECTION('ref_axis',(0.,0.,1.));
#1954=DIRECTION('center_axis',(-1.,0.,1.11022302462516E-16));
#1955=DIRECTION('ref_axis',(-1.11022302462516E-16,0.,-1.));
#1956=DIRECTION('center_axis',(0.,1.,0.));
#1957=DIRECTION('ref_axis',(0.,0.,1.));
#1958=DIRECTION('center_axis',(-1.,0.,1.02798428206033E-16));
#1959=DIRECTION('ref_axis',(-1.02798428206033E-16,0.,-1.));
#1960=DIRECTION('center_axis',(0.,1.,0.));
#1961=DIRECTION('ref_axis',(1.,0.,0.));
#1962=DIRECTION('center_axis',(0.,1.,0.));
#1963=DIRECTION('ref_axis',(1.,0.,0.));
#1964=DIRECTION('center_axis',(0.,1.,0.));
#1965=DIRECTION('ref_axis',(1.,0.,0.));
#1966=DIRECTION('',(0.,-1.,0.));
#1967=DIRECTION('center_axis',(0.,-1.,0.));
#1968=DIRECTION('ref_axis',(1.,0.,0.));
#1969=DIRECTION('center_axis',(0.,-1.,0.));
#1970=DIRECTION('ref_axis',(1.,0.,0.));
#1971=DIRECTION('center_axis',(0.,-1.,0.));
#1972=DIRECTION('ref_axis',(0.,0.,-1.));
#1973=DIRECTION('center_axis',(-1.,0.,-8.95341148891255E-17));
#1974=DIRECTION('ref_axis',(-8.95341148891255E-17,0.,1.));
#1975=DIRECTION('center_axis',(0.,1.,0.));
#1976=DIRECTION('ref_axis',(1.,0.,0.));
#1977=DIRECTION('center_axis',(0.,1.,0.));
#1978=DIRECTION('ref_axis',(1.,0.,0.));
#1979=DIRECTION('center_axis',(0.,-1.,0.));
#1980=DIRECTION('ref_axis',(0.,0.,-1.));
#1981=DIRECTION('center_axis',(0.,-1.,0.));
#1982=DIRECTION('ref_axis',(1.,0.,0.));
#1983=DIRECTION('center_axis',(-1.,0.,-1.5419764230905E-16));
#1984=DIRECTION('ref_axis',(-1.5419764230905E-16,0.,1.));
#1985=DIRECTION('center_axis',(0.,1.,0.));
#1986=DIRECTION('ref_axis',(1.,0.,0.));
#1987=DIRECTION('center_axis',(0.,1.,0.));
#1988=DIRECTION('ref_axis',(1.,0.,0.));
#1989=DIRECTION('center_axis',(0.,-1.,0.));
#1990=DIRECTION('ref_axis',(1.,0.,0.));
#1991=DIRECTION('center_axis',(0.,1.,0.));
#1992=DIRECTION('ref_axis',(1.,0.,0.));
#1993=DIRECTION('center_axis',(0.,-1.,0.));
#1994=DIRECTION('ref_axis',(1.,0.,0.));
#1995=DIRECTION('',(0.,-1.,0.));
#1996=DIRECTION('center_axis',(-0.707106781186548,0.,0.707106781186547));
#1997=DIRECTION('ref_axis',(0.707106781186547,0.,0.707106781186548));
#1998=DIRECTION('',(0.,1.,0.));
#1999=DIRECTION('',(0.707106781186547,0.,0.707106781186548));
#2000=DIRECTION('',(0.,1.,0.));
#2001=DIRECTION('center_axis',(0.,1.,0.));
#2002=DIRECTION('ref_axis',(1.,0.,0.));
#2003=DIRECTION('center_axis',(0.,1.,0.));
#2004=DIRECTION('ref_axis',(1.,0.,0.));
#2005=DIRECTION('center_axis',(0.,1.,0.));
#2006=DIRECTION('ref_axis',(1.,0.,0.));
#2007=DIRECTION('center_axis',(0.,1.,0.));
#2008=DIRECTION('ref_axis',(1.,0.,0.));
#2009=DIRECTION('center_axis',(0.,1.,0.));
#2010=DIRECTION('ref_axis',(1.,0.,0.));
#2011=DIRECTION('',(0.,1.,0.));
#2012=DIRECTION('center_axis',(0.,1.,0.));
#2013=DIRECTION('ref_axis',(1.,0.,0.));
#2014=DIRECTION('center_axis',(0.707106781186548,0.,0.707106781186547));
#2015=DIRECTION('ref_axis',(0.707106781186547,0.,-0.707106781186548));
#2016=DIRECTION('',(0.,1.,0.));
#2017=DIRECTION('',(0.707106781186547,0.,-0.707106781186548));
#2018=DIRECTION('center_axis',(0.,1.,0.));
#2019=DIRECTION('ref_axis',(1.,0.,0.));
#2020=DIRECTION('center_axis',(0.,1.,0.));
#2021=DIRECTION('ref_axis',(1.,0.,0.));
#2022=DIRECTION('center_axis',(0.,1.,0.));
#2023=DIRECTION('ref_axis',(1.,0.,0.));
#2024=DIRECTION('',(0.,1.,0.));
#2025=DIRECTION('center_axis',(0.,1.,0.));
#2026=DIRECTION('ref_axis',(1.,0.,0.));
#2027=DIRECTION('center_axis',(0.,0.,-1.));
#2028=DIRECTION('ref_axis',(-1.,0.,0.));
#2029=DIRECTION('',(0.,1.,0.));
#2030=DIRECTION('',(-1.,0.,0.));
#2031=DIRECTION('center_axis',(0.,1.,0.));
#2032=DIRECTION('ref_axis',(-1.,0.,-1.22464679914735E-16));
#2033=DIRECTION('center_axis',(0.,1.,0.));
#2034=DIRECTION('ref_axis',(1.,0.,0.));
#2035=DIRECTION('center_axis',(0.,1.,0.));
#2036=DIRECTION('ref_axis',(1.,0.,0.));
#2037=DIRECTION('center_axis',(0.,-1.,0.));
#2038=DIRECTION('ref_axis',(1.,0.,0.));
#2039=DIRECTION('center_axis',(0.,-1.,0.));
#2040=DIRECTION('ref_axis',(1.,0.,0.));
#2041=DIRECTION('',(0.,-1.,0.));
#2042=DIRECTION('center_axis',(0.,1.,0.));
#2043=DIRECTION('ref_axis',(1.,0.,0.));
#2044=DIRECTION('center_axis',(0.,1.,0.));
#2045=DIRECTION('ref_axis',(1.,0.,0.));
#2046=DIRECTION('',(0.,0.,1.));
#2047=DIRECTION('',(1.,0.,0.));
#2048=DIRECTION('',(0.,0.,1.));
#2049=DIRECTION('',(1.,0.,0.));
#2050=CARTESIAN_POINT('',(0.,0.,0.));
#2051=CARTESIAN_POINT('',(0.,0.,0.));
#2052=CARTESIAN_POINT('Origin',(-4.00000028212758,-3.89999947547911,-22.4114286308893));
#2053=CARTESIAN_POINT('',(-4.80000028212758,-3.89999947547911,-23.3367669355953));
#2054=CARTESIAN_POINT('',(-4.00000028212758,-4.69999947547911,-23.3367669355953));
#2055=CARTESIAN_POINT('Origin',(-4.00000028212758,-3.89999947547911,-23.3367669355953));
#2056=CARTESIAN_POINT('',(-4.00000028212758,-4.69999947547911,-24.1367668107821));
#2057=CARTESIAN_POINT('',(-4.00000028212758,-4.69999947547911,-22.4114286308893));
#2058=CARTESIAN_POINT('',(-4.80000028212758,-3.89999947547911,-24.1367668107821));
#2059=CARTESIAN_POINT('Origin',(-4.00000028212758,-3.89999947547911,-24.1367668107821));
#2060=CARTESIAN_POINT('',(-4.80000028212758,-3.89999947547911,-22.4114286308893));
#2061=CARTESIAN_POINT('Origin',(-9.30000075896474,-3.89999947547911,-23.3367666375721));
#2062=CARTESIAN_POINT('',(-7.23844656922946,-3.8999994754791,-19.3367668107821));
#2063=CARTESIAN_POINT('',(-5.82293210273223,-4.69999947547911,-19.3367668107821));
#2064=CARTESIAN_POINT('Ctrl Pts',(-7.23844656922946,-3.89999947547911,-19.3367668107821));
#2065=CARTESIAN_POINT('Ctrl Pts',(-7.23844656922946,-3.93647125653394,-19.3367668107821));
#2066=CARTESIAN_POINT('Ctrl Pts',(-7.23144584308181,-3.97967385604572,-19.3367668107821));
#2067=CARTESIAN_POINT('Ctrl Pts',(-7.20787254083105,-4.054878819318,-19.3367668107821));
#2068=CARTESIAN_POINT('Ctrl Pts',(-7.18518015544439,-4.10033930421719,-19.3367668107821));
#2069=CARTESIAN_POINT('Ctrl Pts',(-7.09458240209131,-4.23881250519847,-19.3367668107821));
#2070=CARTESIAN_POINT('Ctrl Pts',(-6.98152739958039,-4.33395770620757,-19.3367668107821));
#2071=CARTESIAN_POINT('Ctrl Pts',(-6.73598046823163,-4.49242455997639,-19.3367668107821));
#2072=CARTESIAN_POINT('Ctrl Pts',(-6.54922928754935,-4.57181628684244,-19.3367668107821));
#2073=CARTESIAN_POINT('Ctrl Pts',(-6.21461284864737,-4.66818806154698,-19.3367668107821));
#2074=CARTESIAN_POINT('Ctrl Pts',(-6.00204478446053,-4.6999994754791,-19.3367668107821));
#2075=CARTESIAN_POINT('Ctrl Pts',(-5.82293210273223,-4.6999994754791,-19.3367668107821));
#2076=CARTESIAN_POINT('Origin',(-9.30000075896474,-4.69999947547911,-23.3367666375721));
#2077=CARTESIAN_POINT('Origin',(-9.30000075896474,-3.89999947547911,-23.3367666375721));
#2078=CARTESIAN_POINT('Origin',(-9.30000075896474,-6.29999947547911,-23.3367666375721));
#2079=CARTESIAN_POINT('',(-7.23844656922947,-6.29999947547911,-19.3367668107821));
#2080=CARTESIAN_POINT('',(-7.23844656922947,-6.29999947547911,-19.3367668107821));
#2081=CARTESIAN_POINT('',(-4.80000028212758,-2.29999947547911,-23.3367669355953));
#2082=CARTESIAN_POINT('',(-4.80000028212758,-6.29999947547911,-23.3367669355953));
#2083=CARTESIAN_POINT('',(-8.71263288878102,-2.29999947547911,-18.8752668185304));
#2084=CARTESIAN_POINT('Origin',(-9.30000075896474,-2.29999947547911,-23.3367666375721));
#2085=CARTESIAN_POINT('',(-8.71263288878102,-4.69999947547911,-18.8752668185304));
#2086=CARTESIAN_POINT('',(-8.71263288878102,-6.29999947547911,-18.8752668185304));
#2087=CARTESIAN_POINT('',(-8.71263288878102,-6.29999947547911,-18.8752668185304));
#2088=CARTESIAN_POINT('',(-8.71263288878102,-6.29999947547911,-18.8752668185304));
#2089=CARTESIAN_POINT('Origin',(-9.30000075896474,-6.29999947547911,-23.3367666375721));
#2090=CARTESIAN_POINT('Origin',(-4.80000028212758,-6.29999947547911,-23.3367669355953));
#2091=CARTESIAN_POINT('',(-4.80000028212758,-2.29999947547911,-24.1367668107821));
#2092=CARTESIAN_POINT('',(-4.80000028212758,-6.29999947547911,-24.1367668107821));
#2093=CARTESIAN_POINT('',(-4.80000028212758,-2.29999947547911,-24.5043112856233));
#2094=CARTESIAN_POINT('Origin',(-9.49999987218309,-3.89999947547911,-23.3367668294127));
#2095=CARTESIAN_POINT('',(-14.0000005408609,-3.89999947547911,-23.3367669367567));
#2096=CARTESIAN_POINT('',(-14.8000005408609,-4.69999947547912,-23.33676695584));
#2097=CARTESIAN_POINT('Origin',(-14.8000005408609,-3.89999947547911,-23.33676695584));
#2098=CARTESIAN_POINT('',(-12.9770686001406,-4.69999947547911,-19.3367668107821));
#2099=CARTESIAN_POINT('Origin',(-9.49999987218309,-4.69999947547911,-23.3367668294127));
#2100=CARTESIAN_POINT('',(-11.5615541084466,-3.89999947547911,-19.3367668107821));
#2101=CARTESIAN_POINT('Ctrl Pts',(-12.9770686001407,-4.69999947547911,-19.3367668107821));
#2102=CARTESIAN_POINT('Ctrl Pts',(-12.7979559147166,-4.69999947547911,-19.3367668107821));
#2103=CARTESIAN_POINT('Ctrl Pts',(-12.5853878460898,-4.66818806125143,-19.3367668107821));
#2104=CARTESIAN_POINT('Ctrl Pts',(-12.2507714005703,-4.5718162858502,-19.3367668107821));
#2105=CARTESIAN_POINT('Ctrl Pts',(-12.0640202163037,-4.49242455865507,-19.3367668107821));
#2106=CARTESIAN_POINT('Ctrl Pts',(-11.81847328092,-4.33395770438178,-19.3367668107821));
#2107=CARTESIAN_POINT('Ctrl Pts',(-11.7054182768947,-4.23881250366675,-19.3367668107821));
#2108=CARTESIAN_POINT('Ctrl Pts',(-11.6148205224602,-4.10033930265027,-19.3367668107821));
#2109=CARTESIAN_POINT('Ctrl Pts',(-11.5921281369482,-4.05487881806328,-19.3367668107821));
#2110=CARTESIAN_POINT('Ctrl Pts',(-11.5685548346141,-3.97967385534303,-19.3367668107821));
#2111=CARTESIAN_POINT('Ctrl Pts',(-11.5615541084466,-3.93647125621825,-19.3367668107821));
#2112=CARTESIAN_POINT('Ctrl Pts',(-11.5615541084466,-3.89999947547911,-19.3367668107821));
#2113=CARTESIAN_POINT('Origin',(-9.49999987218309,-3.89999947547911,-23.3367668294127));
#2114=CARTESIAN_POINT('Origin',(-14.8000005532568,-3.89999947547911,-22.8114286416307));
#2115=CARTESIAN_POINT('',(-14.000000521984,-3.89999947547912,-24.1367668107821));
#2116=CARTESIAN_POINT('',(-14.800000521984,-4.69999947547912,-24.1367668107821));
#2117=CARTESIAN_POINT('Origin',(-14.800000521984,-3.89999947547912,-24.1367668107821));
#2118=CARTESIAN_POINT('',(-14.8000005532568,-4.69999947547912,-22.8114286416307));
#2119=CARTESIAN_POINT('',(-14.0000005532568,-3.89999947547911,-22.8114286227538));
#2120=CARTESIAN_POINT('Origin',(-14.000000521984,-6.29999947547912,-24.1367668107821));
#2121=CARTESIAN_POINT('',(-14.0000005408609,-2.29999947547912,-23.3367669367567));
#2122=CARTESIAN_POINT('',(-14.0000005408609,-6.29999947547912,-23.3367669367567));
#2123=CARTESIAN_POINT('',(-14.000000521984,-2.29999947547912,-24.1367668107821));
#2124=CARTESIAN_POINT('',(-14.0000005133114,-2.29999947547912,-24.5043112856233));
#2125=CARTESIAN_POINT('',(-14.000000521984,-6.29999947547912,-24.1367668107821));
#2126=CARTESIAN_POINT('Origin',(-9.49999987218309,-6.29999947547911,-23.3367668294127));
#2127=CARTESIAN_POINT('',(-11.5615541084466,-6.29999947547911,-19.3367668107821));
#2128=CARTESIAN_POINT('',(-11.5615541084466,-6.29999947547911,-19.3367668107821));
#2129=CARTESIAN_POINT('',(-10.0873674611286,-6.29999947547911,-18.8752667723405));
#2130=CARTESIAN_POINT('Origin',(-9.49999987218309,-6.29999947547911,-23.3367668294127));
#2131=CARTESIAN_POINT('',(-10.0873674611286,-4.69999947547911,-18.8752667723405));
#2132=CARTESIAN_POINT('',(-10.0873674611286,-6.29999947547911,-18.8752667723405));
#2133=CARTESIAN_POINT('',(-10.0873674611286,-2.29999947547911,-18.8752667723405));
#2134=CARTESIAN_POINT('',(-10.0873674611286,-6.29999947547911,-18.8752667723405));
#2135=CARTESIAN_POINT('Origin',(-9.4999998721831,-2.29999947547911,-23.3367668294127));
#2136=CARTESIAN_POINT('Origin',(-9.40000047683721,-4.29999947547911,-28.7867666807957));
#2137=CARTESIAN_POINT('',(-23.5314371503231,-6.29999947547912,-19.3367668107821));
#2138=CARTESIAN_POINT('',(-25.8832496242821,-4.29999947547911,-19.3367668107821));
#2139=CARTESIAN_POINT('Ctrl Pts',(-23.5314371503231,-6.29999947547911,-19.3367668107821));
#2140=CARTESIAN_POINT('Ctrl Pts',(-23.8421448233368,-6.29999947547911,-19.3367668107821));
#2141=CARTESIAN_POINT('Ctrl Pts',(-24.2095971093466,-6.23679070135463,-19.3367668107821));
#2142=CARTESIAN_POINT('Ctrl Pts',(-24.7616413683955,-6.02842936465211,-19.3367668107821));
#2143=CARTESIAN_POINT('Ctrl Pts',(-25.0498460420723,-5.85722771372166,-19.3367668107821));
#2144=CARTESIAN_POINT('Ctrl Pts',(-25.4423309343475,-5.49796376241865,-19.3367668107821));
#2145=CARTESIAN_POINT('Ctrl Pts',(-25.6232619895762,-5.2545613218635,-19.3367668107821));
#2146=CARTESIAN_POINT('Ctrl Pts',(-25.8228070568371,-4.80982029965883,-19.3367668107821));
#2147=CARTESIAN_POINT('Ctrl Pts',(-25.8832496242821,-4.53471878923236,-19.3367668107821));
#2148=CARTESIAN_POINT('Ctrl Pts',(-25.8832496242821,-4.29999947547911,-19.3367668107821));
#2149=CARTESIAN_POINT('',(-27.8222017896248,-4.29999947547912,-24.1367668107821));
#2150=CARTESIAN_POINT('Origin',(-9.40000047683721,-4.29999947547911,-28.7867666807957));
#2151=CARTESIAN_POINT('',(-25.7516823844843,-6.29999947547912,-24.1367668107821));
#2152=CARTESIAN_POINT('Ctrl Pts',(-27.8222017896248,-4.29999947547912,-24.1367668107821));
#2153=CARTESIAN_POINT('Ctrl Pts',(-27.8222017896248,-4.54421141546766,-24.1367668107821));
#2154=CARTESIAN_POINT('Ctrl Pts',(-27.7638126728842,-4.8313900187753,-24.1367668107821));
#2155=CARTESIAN_POINT('Ctrl Pts',(-27.572554809529,-5.28505308877922,-24.1367668107821));
#2156=CARTESIAN_POINT('Ctrl Pts',(-27.4044702430667,-5.53081384892411,-24.1367668107821));
#2157=CARTESIAN_POINT('Ctrl Pts',(-27.0463512030085,-5.88208630285329,-24.1367668107821));
#2158=CARTESIAN_POINT('Ctrl Pts',(-26.7914423325654,-6.04813941960786,-24.1367668107821));
#2159=CARTESIAN_POINT('Ctrl Pts',(-26.316357464799,-6.24103936815349,-24.1367668107821));
#2160=CARTESIAN_POINT('Ctrl Pts',(-26.0109158567924,-6.29999947547912,-24.1367668107821));
#2161=CARTESIAN_POINT('Ctrl Pts',(-25.7516823844843,-6.29999947547912,-24.1367668107821));
#2162=CARTESIAN_POINT('Origin',(-9.40000047683721,-6.29999947547912,-28.7867666807957));
#2163=CARTESIAN_POINT('Origin',(-26.1671559066909,-6.29999947547912,-24.1367668107821));
#2164=CARTESIAN_POINT('',(-27.8222017896248,-3.2,-24.1367668107821));
#2165=CARTESIAN_POINT('',(-27.8222017896248,-6.29999947547913,-24.1367668107821));
#2166=CARTESIAN_POINT('',(-29.8787089617215,-1.2,-24.1367668107821));
#2167=CARTESIAN_POINT('Ctrl Pts',(-29.8787089617215,-1.2,-24.1367668107821));
#2168=CARTESIAN_POINT('Ctrl Pts',(-29.6232563270312,-1.2,-24.1367668107821));
#2169=CARTESIAN_POINT('Ctrl Pts',(-29.3224023094262,-1.25878409676113,-24.1367668107821));
#2170=CARTESIAN_POINT('Ctrl Pts',(-28.8518505751708,-1.45052842721568,-24.1367668107821));
#2171=CARTESIAN_POINT('Ctrl Pts',(-28.5981150508903,-1.61650504061381,-24.1367668107821));
#2172=CARTESIAN_POINT('Ctrl Pts',(-28.2405990767258,-1.96761112542182,-24.1367668107821));
#2173=CARTESIAN_POINT('Ctrl Pts',(-28.0723460987424,-2.21370257515864,-24.1367668107821));
#2174=CARTESIAN_POINT('Ctrl Pts',(-27.8807586410167,-2.66791496619476,-24.1367668107821));
#2175=CARTESIAN_POINT('Ctrl Pts',(-27.8222017896248,-2.95546052947595,-24.1367668107821));
#2176=CARTESIAN_POINT('Ctrl Pts',(-27.8222017896248,-3.2,-24.1367668107821));
#2177=CARTESIAN_POINT('',(-26.1671559066909,-1.2,-24.1367668107821));
#2178=CARTESIAN_POINT('',(-17.683578191764,-1.2,-24.1367668107821));
#2179=CARTESIAN_POINT('',(-26.1671559066909,-2.69999947547912,-24.1367668107821));
#2180=CARTESIAN_POINT('',(-26.1671559066909,-6.29999947547912,-24.1367668107821));
#2181=CARTESIAN_POINT('',(-24.0811959734197,-4.69999947547912,-24.1367668107821));
#2182=CARTESIAN_POINT('Ctrl Pts',(-24.0811959734197,-4.69999947547911,-24.1367668107821));
#2183=CARTESIAN_POINT('Ctrl Pts',(-24.3432789938061,-4.69999947547911,-24.1367668107821));
#2184=CARTESIAN_POINT('Ctrl Pts',(-24.652155781626,-4.64079522112217,-24.1367668107821));
#2185=CARTESIAN_POINT('Ctrl Pts',(-25.131474027379,-4.44699588522456,-24.1367668107821));
#2186=CARTESIAN_POINT('Ctrl Pts',(-25.388207837948,-4.2806421756933,-24.1367668107821));
#2187=CARTESIAN_POINT('Ctrl Pts',(-25.7481877311653,-3.92891795364044,-24.1367668107821));
#2188=CARTESIAN_POINT('Ctrl Pts',(-25.9169623733588,-3.68328977988983,-24.1367668107821));
#2189=CARTESIAN_POINT('Ctrl Pts',(-26.1086596369402,-3.23015178261374,-24.1367668107821));
#2190=CARTESIAN_POINT('Ctrl Pts',(-26.1671559066909,-2.94366463262614,-24.1367668107821));
#2191=CARTESIAN_POINT('Ctrl Pts',(-26.1671559066909,-2.69999947547912,-24.1367668107821));
#2192=CARTESIAN_POINT('',(9.0222008359504,-4.6999994754791,-24.1367668107821));
#2193=CARTESIAN_POINT('',(9.0222008359504,-2.2999994754791,-24.1367668107821));
#2194=CARTESIAN_POINT('',(5.28119501974526,-4.6999994754791,-24.1367668107821));
#2195=CARTESIAN_POINT('',(9.0222008359504,-4.6999994754791,-24.1367668107821));
#2196=CARTESIAN_POINT('',(7.36715495301652,-2.6999994754791,-24.1367668107821));
#2197=CARTESIAN_POINT('Ctrl Pts',(7.36715495301652,-2.6999994754791,-24.1367668107821));
#2198=CARTESIAN_POINT('Ctrl Pts',(7.36715495301652,-2.94366463262612,-24.1367668107821));
#2199=CARTESIAN_POINT('Ctrl Pts',(7.30865868326578,-3.23015178261372,-24.1367668107821));
#2200=CARTESIAN_POINT('Ctrl Pts',(7.11696141968439,-3.68328977988981,-24.1367668107821));
#2201=CARTESIAN_POINT('Ctrl Pts',(6.94818677749087,-3.92891795364042,-24.1367668107821));
#2202=CARTESIAN_POINT('Ctrl Pts',(6.58820688427362,-4.28064217569328,-24.1367668107821));
#2203=CARTESIAN_POINT('Ctrl Pts',(6.33147307370462,-4.44699588522454,-24.1367668107821));
#2204=CARTESIAN_POINT('Ctrl Pts',(5.85215482795153,-4.64079522112216,-24.1367668107821));
#2205=CARTESIAN_POINT('Ctrl Pts',(5.54327804013172,-4.6999994754791,-24.1367668107821));
#2206=CARTESIAN_POINT('Ctrl Pts',(5.28119501974526,-4.6999994754791,-24.1367668107821));
#2207=CARTESIAN_POINT('',(7.36715495301652,-1.2,-24.1367668107821));
#2208=CARTESIAN_POINT('',(7.36715495301652,-6.2999994754791,-24.1367668107821));
#2209=CARTESIAN_POINT('',(11.0787080080471,-1.2,-24.1367668107821));
#2210=CARTESIAN_POINT('',(-0.0888998204433578,-1.2,-24.1367668107821));
#2211=CARTESIAN_POINT('',(9.0222008359504,-3.2,-24.1367668107821));
#2212=CARTESIAN_POINT('Ctrl Pts',(9.0222008359504,-3.2,-24.1367668107821));
#2213=CARTESIAN_POINT('Ctrl Pts',(9.0222008359504,-2.95546052947595,-24.1367668107821));
#2214=CARTESIAN_POINT('Ctrl Pts',(9.08075768734228,-2.66791496619476,-24.1367668107821));
#2215=CARTESIAN_POINT('Ctrl Pts',(9.27234514506794,-2.21370257515864,-24.1367668107821));
#2216=CARTESIAN_POINT('Ctrl Pts',(9.44059812305132,-1.96761112542182,-24.1367668107821));
#2217=CARTESIAN_POINT('Ctrl Pts',(9.79811409721588,-1.61650504061381,-24.1367668107821));
#2218=CARTESIAN_POINT('Ctrl Pts',(10.0518496214963,-1.45052842721568,-24.1367668107821));
#2219=CARTESIAN_POINT('Ctrl Pts',(10.5224013557518,-1.25878409676113,-24.1367668107821));
#2220=CARTESIAN_POINT('Ctrl Pts',(10.8232553733568,-1.2,-24.1367668107821));
#2221=CARTESIAN_POINT('Ctrl Pts',(11.0787080080471,-1.2,-24.1367668107821));
#2222=CARTESIAN_POINT('',(9.0222008359504,-4.2999994754791,-24.1367668107821));
#2223=CARTESIAN_POINT('',(9.0222008359504,-6.2999994754791,-24.1367668107821));
#2224=CARTESIAN_POINT('',(6.95168143080989,-6.2999994754791,-24.1367668107821));
#2225=CARTESIAN_POINT('Ctrl Pts',(6.95168143080989,-6.2999994754791,-24.1367668107821));
#2226=CARTESIAN_POINT('Ctrl Pts',(7.21091490311803,-6.2999994754791,-24.1367668107821));
#2227=CARTESIAN_POINT('Ctrl Pts',(7.51635651112462,-6.24103936815347,-24.1367668107821));
#2228=CARTESIAN_POINT('Ctrl Pts',(7.99144137889096,-6.04813941960784,-24.1367668107821));
#2229=CARTESIAN_POINT('Ctrl Pts',(8.24635024933407,-5.88208630285327,-24.1367668107821));
#2230=CARTESIAN_POINT('Ctrl Pts',(8.60446928939225,-5.53081384892409,-24.1367668107821));
#2231=CARTESIAN_POINT('Ctrl Pts',(8.77255385585456,-5.2850530887792,-24.1367668107821));
#2232=CARTESIAN_POINT('Ctrl Pts',(8.96381171920979,-4.83139001877528,-24.1367668107821));
#2233=CARTESIAN_POINT('Ctrl Pts',(9.0222008359504,-4.54421141546764,-24.1367668107821));
#2234=CARTESIAN_POINT('Ctrl Pts',(9.0222008359504,-4.2999994754791,-24.1367668107821));
#2235=CARTESIAN_POINT('',(9.0222008359504,-6.2999994754791,-24.1367668107821));
#2236=CARTESIAN_POINT('Origin',(-9.40000047683721,-6.29999947547912,-28.7867666807957));
#2237=CARTESIAN_POINT('',(-25.8832496242821,-3.2,-19.3367668107821));
#2238=CARTESIAN_POINT('',(-25.8832496242821,-6.29999947547912,-19.3367668107821));
#2239=CARTESIAN_POINT('Origin',(-9.40000047683721,-3.2,-28.7867666807957));
#2240=CARTESIAN_POINT('Origin',(-9.40000047683721,-4.29999947547912,-28.7867666807957));
#2241=CARTESIAN_POINT('',(7.08324867060768,-4.2999994754791,-19.3367668107821));
#2242=CARTESIAN_POINT('Origin',(-9.40000047683721,-4.29999947547912,-28.7867666807957));
#2243=CARTESIAN_POINT('',(4.73143619664871,-6.2999994754791,-19.3367668107821));
#2244=CARTESIAN_POINT('Ctrl Pts',(7.08324867060768,-4.2999994754791,-19.3367668107821));
#2245=CARTESIAN_POINT('Ctrl Pts',(7.08324867060768,-4.53471878923235,-19.3367668107821));
#2246=CARTESIAN_POINT('Ctrl Pts',(7.02280610316266,-4.80982029965882,-19.3367668107821));
#2247=CARTESIAN_POINT('Ctrl Pts',(6.82326103590182,-5.25456132186349,-19.3367668107821));
#2248=CARTESIAN_POINT('Ctrl Pts',(6.6423299806731,-5.49796376241864,-19.3367668107821));
#2249=CARTESIAN_POINT('Ctrl Pts',(6.24984508839789,-5.85722771372164,-19.3367668107821));
#2250=CARTESIAN_POINT('Ctrl Pts',(5.96164041472109,-6.0284293646521,-19.3367668107821));
#2251=CARTESIAN_POINT('Ctrl Pts',(5.40959615567218,-6.23679070135462,-19.3367668107821));
#2252=CARTESIAN_POINT('Ctrl Pts',(5.04214386966236,-6.2999994754791,-19.3367668107821));
#2253=CARTESIAN_POINT('Ctrl Pts',(4.73143619664871,-6.2999994754791,-19.3367668107821));
#2254=CARTESIAN_POINT('Origin',(-9.40000047683721,-6.29999947547912,-28.7867666807957));
#2255=CARTESIAN_POINT('Origin',(5.2101844109985,-6.2999994754791,-19.3367668107821));
#2256=CARTESIAN_POINT('',(7.08324867060768,-3.2,-19.3367668107821));
#2257=CARTESIAN_POINT('',(7.08324867060768,-6.2999994754791,-19.3367668107821));
#2258=CARTESIAN_POINT('',(9.35359924312969,-1.2,-19.3367668107821));
#2259=CARTESIAN_POINT('Ctrl Pts',(9.35359924312969,-1.2,-19.3367668107821));
#2260=CARTESIAN_POINT('Ctrl Pts',(9.06546753139614,-1.2,-19.3367668107821));
#2261=CARTESIAN_POINT('Ctrl Pts',(8.72539047302611,-1.26241975914526,-19.3367668107821));
#2262=CARTESIAN_POINT('Ctrl Pts',(8.19984587073432,-1.46429484530201,-19.3367668107821));
#2263=CARTESIAN_POINT('Ctrl Pts',(7.91780552099695,-1.63528043104942,-19.3367668107821));
#2264=CARTESIAN_POINT('Ctrl Pts',(7.52824610173992,-1.99370437400249,-19.3367668107821));
#2265=CARTESIAN_POINT('Ctrl Pts',(7.34614823051688,-2.23889192879223,-19.3367668107821));
#2266=CARTESIAN_POINT('Ctrl Pts',(7.14462471021762,-2.68656685761532,-19.3367668107821));
#2267=CARTESIAN_POINT('Ctrl Pts',(7.08324867060768,-2.96356757841863,-19.3367668107821));
#2268=CARTESIAN_POINT('Ctrl Pts',(7.08324867060768,-3.2,-19.3367668107821));
#2269=CARTESIAN_POINT('',(5.21018441099849,-1.2,-19.3367668107821));
#2270=CARTESIAN_POINT('',(-1.99490803291931,-1.2,-19.3367668107821));
#2271=CARTESIAN_POINT('',(5.2101844109985,-2.69999947547909,-19.3367668107821));
#2272=CARTESIAN_POINT('',(5.2101844109985,-6.2999994754791,-19.3367668107821));
#2273=CARTESIAN_POINT('',(2.75966656041109,-4.6999994754791,-19.3367668107821));
#2274=CARTESIAN_POINT('Ctrl Pts',(2.75966656041109,-4.69999947547909,-19.3367668107821));
#2275=CARTESIAN_POINT('Ctrl Pts',(3.08990959820875,-4.69999947547909,-19.3367668107821));
#2276=CARTESIAN_POINT('Ctrl Pts',(3.48092406308496,-4.63554207530284,-19.3367668107821));
#2277=CARTESIAN_POINT('Ctrl Pts',(4.060710875346,-4.42165889171906,-19.3367668107821));
#2278=CARTESIAN_POINT('Ctrl Pts',(4.35973796286049,-4.24902129388171,-19.3367668107821));
#2279=CARTESIAN_POINT('Ctrl Pts',(4.76294266814784,-3.88735175668782,-19.3367668107821));
#2280=CARTESIAN_POINT('Ctrl Pts',(4.94752803026639,-3.64493878709126,-19.3367668107821));
#2281=CARTESIAN_POINT('Ctrl Pts',(5.14925707038821,-3.20313747465587,-19.3367668107821));
#2282=CARTESIAN_POINT('Ctrl Pts',(5.21018441099849,-2.93176928744517,-19.3367668107821));
#2283=CARTESIAN_POINT('Ctrl Pts',(5.21018441099849,-2.69999947547909,-19.3367668107821));
#2284=CARTESIAN_POINT('',(7.08324867060768,-4.6999994754791,-19.3367668107821));
#2285=CARTESIAN_POINT('',(7.08324867060768,-6.2999994754791,-19.3367668107821));
#2286=CARTESIAN_POINT('Origin',(-9.40000047683721,-6.29999947547912,-28.7867666807957));
#2287=CARTESIAN_POINT('Origin',(-9.40000047683721,-3.2,-28.7867666807957));
#2288=CARTESIAN_POINT('Origin',(-9.40000047683721,-2.69999947547911,-28.7867666807957));
#2289=CARTESIAN_POINT('Origin',(-9.40000047683721,-4.69999947547912,-28.7867666807957));
#2290=CARTESIAN_POINT('Origin',(-9.40000047683721,-2.69999947547911,-28.7867666807957));
#2291=CARTESIAN_POINT('Origin',(-9.40000047683721,-4.69999947547911,-21.4860903261834));
#2292=CARTESIAN_POINT('Origin',(-9.40000047683721,-2.69999947547911,-28.7867666807957));
#2293=CARTESIAN_POINT('',(-24.0101853646729,-2.69999947547911,-19.3367668107821));
#2294=CARTESIAN_POINT('',(-21.5596675140855,-4.69999947547912,-19.3367668107821));
#2295=CARTESIAN_POINT('Ctrl Pts',(-24.0101853646729,-2.69999947547911,-19.3367668107821));
#2296=CARTESIAN_POINT('Ctrl Pts',(-24.0101853646729,-2.93176928744519,-19.3367668107821));
#2297=CARTESIAN_POINT('Ctrl Pts',(-23.9492580240626,-3.20313747465588,-19.3367668107821));
#2298=CARTESIAN_POINT('Ctrl Pts',(-23.7475289839408,-3.64493878709128,-19.3367668107821));
#2299=CARTESIAN_POINT('Ctrl Pts',(-23.5629436218223,-3.88735175668784,-19.3367668107821));
#2300=CARTESIAN_POINT('Ctrl Pts',(-23.1597389165349,-4.24902129388173,-19.3367668107821));
#2301=CARTESIAN_POINT('Ctrl Pts',(-22.8607118290204,-4.42165889171908,-19.3367668107821));
#2302=CARTESIAN_POINT('Ctrl Pts',(-22.2809250167594,-4.63554207530285,-19.3367668107821));
#2303=CARTESIAN_POINT('Ctrl Pts',(-21.8899105518832,-4.69999947547911,-19.3367668107821));
#2304=CARTESIAN_POINT('Ctrl Pts',(-21.5596675140855,-4.69999947547911,-19.3367668107821));
#2305=CARTESIAN_POINT('Origin',(-9.40000047683721,-4.69999947547912,-28.7867666807957));
#2306=CARTESIAN_POINT('Origin',(-9.40000047683721,-2.69999947547911,-28.7867666807957));
#2307=CARTESIAN_POINT('Origin',(-9.40000047683721,-4.69999947547911,-21.4860903261834));
#2308=CARTESIAN_POINT('',(7.08324867060768,-4.6999994754791,-19.3367668107821));
#2309=CARTESIAN_POINT('Origin',(-9.40000047683721,-3.2,-28.7867666807957));
#2310=CARTESIAN_POINT('',(-28.1536001968041,-1.2,-19.3367668107821));
#2311=CARTESIAN_POINT('Ctrl Pts',(-25.8832496242821,-3.2,-19.3367668107821));
#2312=CARTESIAN_POINT('Ctrl Pts',(-25.8832496242821,-2.96356757841863,-19.3367668107821));
#2313=CARTESIAN_POINT('Ctrl Pts',(-25.944625663892,-2.68656685761531,-19.3367668107821));
#2314=CARTESIAN_POINT('Ctrl Pts',(-26.1461491841913,-2.23889192879223,-19.3367668107821));
#2315=CARTESIAN_POINT('Ctrl Pts',(-26.3282470554143,-1.99370437400249,-19.3367668107821));
#2316=CARTESIAN_POINT('Ctrl Pts',(-26.7178064746714,-1.63528043104942,-19.3367668107821));
#2317=CARTESIAN_POINT('Ctrl Pts',(-26.9998468244087,-1.46429484530201,-19.3367668107821));
#2318=CARTESIAN_POINT('Ctrl Pts',(-27.5253914267005,-1.26241975914526,-19.3367668107821));
#2319=CARTESIAN_POINT('Ctrl Pts',(-27.8654684850706,-1.2,-19.3367668107821));
#2320=CARTESIAN_POINT('Ctrl Pts',(-28.1536001968041,-1.2,-19.3367668107821));
#2321=CARTESIAN_POINT('Origin',(-9.40000047683721,-1.2,-28.7867666807957));
#2322=CARTESIAN_POINT('Origin',(-9.40000047683721,-3.2,-28.7867666807957));
#2323=CARTESIAN_POINT('Origin',(-9.40000047683721,-1.2,-28.7867666807957));
#2324=CARTESIAN_POINT('Origin',(-9.40000041149423,-2.29999947547911,-21.4860903261834));
#2325=CARTESIAN_POINT('Ctrl Pts',(-10.0873674611286,-2.29999947547911,-18.8752667723405));
#2326=CARTESIAN_POINT('Ctrl Pts',(-9.99611799880528,-2.29999947547911,-18.8647906982593));
#2327=CARTESIAN_POINT('Ctrl Pts',(-9.90462900464962,-2.29999947547911,-18.856401070415));
#2328=CARTESIAN_POINT('Ctrl Pts',(-9.7213631557406,-2.29999947547911,-18.8438122407038));
#2329=CARTESIAN_POINT('Ctrl Pts',(-9.62958631433508,-2.29999947547911,-18.8396130397537));
#2330=CARTESIAN_POINT('Ctrl Pts',(-9.44593660226176,-2.29999947547911,-18.8354138415846));
#2331=CARTESIAN_POINT('Ctrl Pts',(-9.35406374496976,-2.29999947547911,-18.8354138446715));
#2332=CARTESIAN_POINT('Ctrl Pts',(-9.17041403317861,-2.29999947547911,-18.8396130551815));
#2333=CARTESIAN_POINT('Ctrl Pts',(-9.07863719205528,-2.29999947547911,-18.8438122622988));
#2334=CARTESIAN_POINT('Ctrl Pts',(-8.8953713439922,-2.29999947547911,-18.8564011043252));
#2335=CARTESIAN_POINT('Ctrl Pts',(-8.80388235040032,-2.29999947547911,-18.8647907383174));
#2336=CARTESIAN_POINT('Ctrl Pts',(-8.71263288878102,-2.29999947547911,-18.8752668185304));
#2337=CARTESIAN_POINT('',(-10.3000005614765,-2.29999947547911,-21.7367668107821));
#2338=CARTESIAN_POINT('Origin',(-9.4000005076603,-2.29999947547911,-21.7367668107821));
#2339=CARTESIAN_POINT('Origin',(-25.9161935771489,-6.29999947547912,-21.7367668107821));
#2340=CARTESIAN_POINT('Ctrl Pts',(-10.0873674611286,-6.29999947547911,-18.8752667723405));
#2341=CARTESIAN_POINT('Ctrl Pts',(-9.99611799880528,-6.29999947547911,-18.8647906982593));
#2342=CARTESIAN_POINT('Ctrl Pts',(-9.90462900464962,-6.29999947547911,-18.856401070415));
#2343=CARTESIAN_POINT('Ctrl Pts',(-9.7213631557406,-6.29999947547911,-18.8438122407038));
#2344=CARTESIAN_POINT('Ctrl Pts',(-9.62958631433508,-6.29999947547911,-18.8396130397537));
#2345=CARTESIAN_POINT('Ctrl Pts',(-9.44593660226175,-6.29999947547911,-18.8354138415846));
#2346=CARTESIAN_POINT('Ctrl Pts',(-9.35406374496975,-6.29999947547911,-18.8354138446715));
#2347=CARTESIAN_POINT('Ctrl Pts',(-9.17041403317861,-6.29999947547911,-18.8396130551815));
#2348=CARTESIAN_POINT('Ctrl Pts',(-9.07863719205528,-6.29999947547911,-18.8438122622988));
#2349=CARTESIAN_POINT('Ctrl Pts',(-8.8953713439922,-6.29999947547911,-18.8564011043252));
#2350=CARTESIAN_POINT('Ctrl Pts',(-8.80388235040032,-6.29999947547911,-18.8647907383174));
#2351=CARTESIAN_POINT('Ctrl Pts',(-8.71263288878102,-6.29999947547911,-18.8752668185304));
#2352=CARTESIAN_POINT('',(7.08324867060768,-6.2999994754791,-19.3367668107821));
#2353=CARTESIAN_POINT('',(-10.3000005614765,-6.29999947547911,-21.7367668107821));
#2354=CARTESIAN_POINT('Origin',(-9.4000005076603,-6.29999947547911,-21.7367668107821));
#2355=CARTESIAN_POINT('Origin',(-9.4000005076603,-6.29999947547911,-21.7367668107821));
#2356=CARTESIAN_POINT('',(-10.3000005614765,-6.29999947547911,-21.7367668107821));
#2357=CARTESIAN_POINT('Ctrl Pts',(-10.0873674611286,-6.29999947547911,-18.8752667723405));
#2358=CARTESIAN_POINT('Ctrl Pts',(-10.0873674611286,-2.29999947547911,-18.8752667723405));
#2359=CARTESIAN_POINT('Ctrl Pts',(-9.99611799880528,-6.29999947547911,-18.8647906982593));
#2360=CARTESIAN_POINT('Ctrl Pts',(-9.99611799880528,-2.29999947547911,-18.8647906982593));
#2361=CARTESIAN_POINT('Ctrl Pts',(-9.90462900464962,-6.29999947547911,-18.856401070415));
#2362=CARTESIAN_POINT('Ctrl Pts',(-9.90462900464962,-2.29999947547911,-18.856401070415));
#2363=CARTESIAN_POINT('Ctrl Pts',(-9.7213631557406,-6.29999947547911,-18.8438122407038));
#2364=CARTESIAN_POINT('Ctrl Pts',(-9.7213631557406,-2.29999947547911,-18.8438122407038));
#2365=CARTESIAN_POINT('Ctrl Pts',(-9.62958631433508,-6.29999947547911,-18.8396130397537));
#2366=CARTESIAN_POINT('Ctrl Pts',(-9.62958631433508,-2.29999947547911,-18.8396130397537));
#2367=CARTESIAN_POINT('Ctrl Pts',(-9.44593660226175,-6.29999947547911,-18.8354138415846));
#2368=CARTESIAN_POINT('Ctrl Pts',(-9.44593660226175,-2.29999947547911,-18.8354138415846));
#2369=CARTESIAN_POINT('Ctrl Pts',(-9.35406374496975,-6.29999947547911,-18.8354138446715));
#2370=CARTESIAN_POINT('Ctrl Pts',(-9.35406374496975,-2.29999947547911,-18.8354138446715));
#2371=CARTESIAN_POINT('Ctrl Pts',(-9.17041403317861,-6.29999947547911,-18.8396130551815));
#2372=CARTESIAN_POINT('Ctrl Pts',(-9.17041403317861,-2.29999947547911,-18.8396130551815));
#2373=CARTESIAN_POINT('Ctrl Pts',(-9.07863719205528,-6.29999947547911,-18.8438122622988));
#2374=CARTESIAN_POINT('Ctrl Pts',(-9.07863719205528,-2.29999947547911,-18.8438122622988));
#2375=CARTESIAN_POINT('Ctrl Pts',(-8.8953713439922,-6.29999947547911,-18.8564011043252));
#2376=CARTESIAN_POINT('Ctrl Pts',(-8.8953713439922,-2.29999947547911,-18.8564011043252));
#2377=CARTESIAN_POINT('Ctrl Pts',(-8.80388235040032,-6.29999947547911,-18.8647907383174));
#2378=CARTESIAN_POINT('Ctrl Pts',(-8.80388235040032,-2.29999947547911,-18.8647907383174));
#2379=CARTESIAN_POINT('Ctrl Pts',(-8.71263288878102,-6.29999947547911,-18.8752668185304));
#2380=CARTESIAN_POINT('Ctrl Pts',(-8.71263288878102,-2.29999947547911,-18.8752668185304));
#2381=CARTESIAN_POINT('Origin',(-9.40000047683721,0.,-28.7867666807957));
#2382=CARTESIAN_POINT('',(-24.0101853646729,-1.2,-19.3367668107821));
#2383=CARTESIAN_POINT('Origin',(-9.40000047683721,-1.2,-28.7867666807957));
#2384=CARTESIAN_POINT('',(-24.0101853646729,-6.29999947547912,-19.3367668107821));
#2385=CARTESIAN_POINT('',(-26.8000004768372,-1.2,-28.7867666807957));
#2386=CARTESIAN_POINT('Origin',(-9.40000047683721,-1.2,-28.7867666807957));
#2387=CARTESIAN_POINT('',(-26.8000004768372,0.,-28.7867666807957));
#2388=CARTESIAN_POINT('',(-26.8000004768372,0.,-28.7867666807957));
#2389=CARTESIAN_POINT('Origin',(-9.40000047683721,0.,-28.7867666807957));
#2390=CARTESIAN_POINT('',(-14.0000001471248,-1.2,-45.5677083418991));
#2391=CARTESIAN_POINT('Origin',(-9.40000047683721,-1.2,-28.7867666807957));
#2392=CARTESIAN_POINT('',(-14.0000001471248,-6.29999947547914,-45.5677083418991));
#2393=CARTESIAN_POINT('',(-14.0000001471248,-6.29999947547914,-45.5677083418991));
#2394=CARTESIAN_POINT('',(-4.80000028212755,-6.29999947547913,-45.5677081981442));
#2395=CARTESIAN_POINT('Origin',(-9.40000047683721,-6.29999947547912,-28.7867666807957));
#2396=CARTESIAN_POINT('',(-4.80000028212756,-1.2,-45.5677081981442));
#2397=CARTESIAN_POINT('',(-4.80000028212755,-6.29999947547913,-45.5677081981442));
#2398=CARTESIAN_POINT('Origin',(-9.40000047683721,-1.2,-28.7867666807957));
#2399=CARTESIAN_POINT('Origin',(-25.8832496242821,-6.29999947547912,-19.3367668107821));
#2400=CARTESIAN_POINT('',(-17.5416250505596,-1.2,-19.3367668107821));
#2401=CARTESIAN_POINT('Origin',(-9.20000047683711,-1.2,-28.7867666807958));
#2402=CARTESIAN_POINT('',(-32.0000004768371,-1.2,-29.7867666807959));
#2403=CARTESIAN_POINT('',(-25.0000004768371,-1.2,-55.3867666807958));
#2404=CARTESIAN_POINT('',(-25.0000004768371,-1.2,-55.3867666807958));
#2405=CARTESIAN_POINT('',(13.5999995231629,-1.2,-55.3867666807958));
#2406=CARTESIAN_POINT('',(13.5999995231629,-1.2,-55.3867666807958));
#2407=CARTESIAN_POINT('',(13.5999995231629,-1.2,-2.1867666807958));
#2408=CARTESIAN_POINT('',(13.5999995231628,-1.2,-2.18676668079579));
#2409=CARTESIAN_POINT('',(-32.0000004768372,-1.2,-2.18676668079585));
#2410=CARTESIAN_POINT('',(-32.0000004768372,-1.2,-2.18676668079585));
#2411=CARTESIAN_POINT('',(-32.0000004768371,-1.2,-29.7867666807959));
#2412=CARTESIAN_POINT('',(-4.80000028212756,-1.2,-45.9367665422046));
#2413=CARTESIAN_POINT('',(-4.80000028212756,-1.2,-37.17723743947));
#2414=CARTESIAN_POINT('',(-8.71263291244263,-1.2,-50.3982645366417));
#2415=CARTESIAN_POINT('Origin',(-9.30000075896472,-1.20000000000003,-45.9367665422046));
#2416=CARTESIAN_POINT('',(-10.0873675491122,-1.2,-50.3982645700302));
#2417=CARTESIAN_POINT('Ctrl Pts',(-8.71263291244263,-1.2,-50.3982645366417));
#2418=CARTESIAN_POINT('Ctrl Pts',(-8.80388227361655,-1.2,-50.4087419894206));
#2419=CARTESIAN_POINT('Ctrl Pts',(-8.89537122955105,-1.2,-50.4171327247441));
#2420=CARTESIAN_POINT('Ctrl Pts',(-9.07863707785092,-1.2,-50.4297232200676));
#2421=CARTESIAN_POINT('Ctrl Pts',(-9.17041395686143,-1.2,-50.4339229791501));
#2422=CARTESIAN_POINT('Ctrl Pts',(-9.3540637696245,-1.2,-50.4381227407699));
#2423=CARTESIAN_POINT('Ctrl Pts',(-9.44593668999422,-1.2,-50.4381227430013));
#2424=CARTESIAN_POINT('Ctrl Pts',(-9.6295865029613,-1.2,-50.4339229903021));
#2425=CARTESIAN_POINT('Ctrl Pts',(-9.72136338217581,-1.2,-50.4297232356777));
#2426=CARTESIAN_POINT('Ctrl Pts',(-9.90462923108725,-1.2,-50.4171327492563));
#2427=CARTESIAN_POINT('Ctrl Pts',(-9.99611818742932,-1.2,-50.4087420183767));
#2428=CARTESIAN_POINT('Ctrl Pts',(-10.0873675491122,-1.2,-50.3982645700302));
#2429=CARTESIAN_POINT('',(-14.0000000075885,-1.2,-45.936766543366));
#2430=CARTESIAN_POINT('Origin',(-9.49999942456872,-1.20000000000003,-45.936766436022));
#2431=CARTESIAN_POINT('',(-14.0000032496889,-1.2,-37.3617675194922));
#2432=CARTESIAN_POINT('Origin',(-14.0000000075885,-6.29999947547914,-45.936766543366));
#2433=CARTESIAN_POINT('',(-14.0000000075885,-6.29999947547914,-45.936766543366));
#2434=CARTESIAN_POINT('',(-14.0000000075885,-6.29999947547914,-45.936766543366));
#2435=CARTESIAN_POINT('',(-14.0000000075885,-6.29999947547914,-45.936766543366));
#2436=CARTESIAN_POINT('Origin',(-9.49999942456872,-6.29999947547914,-45.936766436022));
#2437=CARTESIAN_POINT('',(-10.0873675491122,-6.29999947547914,-50.3982645700302));
#2438=CARTESIAN_POINT('',(-10.0873675491122,-6.29999947547914,-50.3982645700302));
#2439=CARTESIAN_POINT('Origin',(-9.49999942456872,-6.29999947547914,-45.936766436022));
#2440=CARTESIAN_POINT('Ctrl Pts',(-8.71263291244263,-6.29999947547914,-50.3982645366416));
#2441=CARTESIAN_POINT('Ctrl Pts',(-8.71263291244263,-0.6900000524521,-50.3982645366417));
#2442=CARTESIAN_POINT('Ctrl Pts',(-8.80388227361655,-6.29999947547914,-50.4087419894206));
#2443=CARTESIAN_POINT('Ctrl Pts',(-8.80388227361655,-0.6900000524521,-50.4087419894206));
#2444=CARTESIAN_POINT('Ctrl Pts',(-8.89537122955105,-6.29999947547914,-50.4171327247441));
#2445=CARTESIAN_POINT('Ctrl Pts',(-8.89537122955105,-0.6900000524521,-50.4171327247441));
#2446=CARTESIAN_POINT('Ctrl Pts',(-9.07863707785091,-6.29999947547914,-50.4297232200676));
#2447=CARTESIAN_POINT('Ctrl Pts',(-9.07863707785092,-0.6900000524521,-50.4297232200676));
#2448=CARTESIAN_POINT('Ctrl Pts',(-9.17041395686142,-6.29999947547914,-50.4339229791501));
#2449=CARTESIAN_POINT('Ctrl Pts',(-9.17041395686143,-0.690000052452102,
-50.4339229791501));
#2450=CARTESIAN_POINT('Ctrl Pts',(-9.35406376962449,-6.29999947547914,-50.4381227407699));
#2451=CARTESIAN_POINT('Ctrl Pts',(-9.3540637696245,-0.690000052452102,-50.4381227407699));
#2452=CARTESIAN_POINT('Ctrl Pts',(-9.44593668999422,-6.29999947547914,-50.4381227430013));
#2453=CARTESIAN_POINT('Ctrl Pts',(-9.44593668999422,-0.690000052452102,
-50.4381227430013));
#2454=CARTESIAN_POINT('Ctrl Pts',(-9.62958650296129,-6.29999947547914,-50.4339229903021));
#2455=CARTESIAN_POINT('Ctrl Pts',(-9.6295865029613,-0.690000052452102,-50.4339229903021));
#2456=CARTESIAN_POINT('Ctrl Pts',(-9.7213633821758,-6.29999947547914,-50.4297232356777));
#2457=CARTESIAN_POINT('Ctrl Pts',(-9.72136338217581,-0.690000052452102,
-50.4297232356777));
#2458=CARTESIAN_POINT('Ctrl Pts',(-9.90462923108724,-6.29999947547914,-50.4171327492563));
#2459=CARTESIAN_POINT('Ctrl Pts',(-9.90462923108725,-0.690000052452102,
-50.4171327492563));
#2460=CARTESIAN_POINT('Ctrl Pts',(-9.99611818742932,-6.29999947547914,-50.4087420183767));
#2461=CARTESIAN_POINT('Ctrl Pts',(-9.99611818742932,-0.690000052452101,
-50.4087420183767));
#2462=CARTESIAN_POINT('Ctrl Pts',(-10.0873675491122,-6.29999947547914,-50.3982645700302));
#2463=CARTESIAN_POINT('Ctrl Pts',(-10.0873675491122,-0.690000052452101,
-50.3982645700302));
#2464=CARTESIAN_POINT('',(-8.71263291244263,-6.29999947547914,-50.3982645366416));
#2465=CARTESIAN_POINT('',(-8.71263291244263,-6.29999947547914,-50.3982645366416));
#2466=CARTESIAN_POINT('Ctrl Pts',(-8.71263291244263,-6.29999947547914,-50.3982645366416));
#2467=CARTESIAN_POINT('Ctrl Pts',(-8.80388227361655,-6.29999947547914,-50.4087419894206));
#2468=CARTESIAN_POINT('Ctrl Pts',(-8.89537122955105,-6.29999947547914,-50.4171327247441));
#2469=CARTESIAN_POINT('Ctrl Pts',(-9.07863707785091,-6.29999947547914,-50.4297232200676));
#2470=CARTESIAN_POINT('Ctrl Pts',(-9.17041395686142,-6.29999947547914,-50.4339229791501));
#2471=CARTESIAN_POINT('Ctrl Pts',(-9.35406376962449,-6.29999947547914,-50.4381227407699));
#2472=CARTESIAN_POINT('Ctrl Pts',(-9.44593668999422,-6.29999947547914,-50.4381227430013));
#2473=CARTESIAN_POINT('Ctrl Pts',(-9.62958650296129,-6.29999947547914,-50.4339229903021));
#2474=CARTESIAN_POINT('Ctrl Pts',(-9.7213633821758,-6.29999947547914,-50.4297232356777));
#2475=CARTESIAN_POINT('Ctrl Pts',(-9.90462923108724,-6.29999947547914,-50.4171327492563));
#2476=CARTESIAN_POINT('Ctrl Pts',(-9.99611818742932,-6.29999947547914,-50.4087420183767));
#2477=CARTESIAN_POINT('Ctrl Pts',(-10.0873675491122,-6.29999947547914,-50.3982645700302));
#2478=CARTESIAN_POINT('Origin',(-9.40000050766024,-6.29999947547914,-47.5367679533313));
#2479=CARTESIAN_POINT('',(-10.3000004439971,-1.20000000000002,-47.5367679533313));
#2480=CARTESIAN_POINT('Origin',(-9.40000050766025,-1.20000000000003,-47.5367679533313));
#2481=CARTESIAN_POINT('',(-10.3000004439971,-6.29999947547914,-47.5367679533313));
#2482=CARTESIAN_POINT('',(-10.3000004439971,-6.29999947547914,-47.5367679533313));
#2483=CARTESIAN_POINT('Origin',(-9.40000050766024,-6.29999947547914,-47.5367679533313));
#2484=CARTESIAN_POINT('Origin',(-4.80000028212755,-6.29999947547913,-45.5677081981442));
#2485=CARTESIAN_POINT('',(-4.80000028212755,-6.29999947547914,-45.9367665422046));
#2486=CARTESIAN_POINT('',(-4.80000028212755,-6.29999947547914,-45.9367665422046));
#2487=CARTESIAN_POINT('',(-4.80000028212755,-6.29999947547914,-45.9367665422046));
#2488=CARTESIAN_POINT('Origin',(-9.30000075896471,-6.29999947547914,-45.9367665422046));
#2489=CARTESIAN_POINT('Origin',(-9.30000075896471,-6.29999947547914,-45.9367665422046));
#2490=CARTESIAN_POINT('Origin',(-9.40000021462616,-6.29999947547914,-48.0029154705727));
#2491=CARTESIAN_POINT('Origin',(-9.20000047683711,-1.2,-28.7867666807958));
#2492=CARTESIAN_POINT('Origin',(-32.0000004768372,0.,-2.18676668079585));
#2493=CARTESIAN_POINT('',(-32.0000004768371,0.,-29.7867666807959));
#2494=CARTESIAN_POINT('',(-32.0000004768372,0.,-2.18676668079585));
#2495=CARTESIAN_POINT('',(-32.0000004768371,0.,-29.7867666807959));
#2496=CARTESIAN_POINT('',(-32.0000004768371,0.,-29.7867666807959));
#2497=CARTESIAN_POINT('',(-32.0000004768372,0.,-2.18676668079585));
#2498=CARTESIAN_POINT('Origin',(13.5999995231629,0.,-2.18676668079579));
#2499=CARTESIAN_POINT('',(13.5999995231628,0.,-2.18676668079579));
#2500=CARTESIAN_POINT('',(-32.0000004768372,0.,-2.18676668079585));
#2501=CARTESIAN_POINT('',(13.5999995231628,0.,-2.18676668079579));
#2502=CARTESIAN_POINT('Origin',(13.5999995231629,0.,-55.3867666807958));
#2503=CARTESIAN_POINT('',(13.5999995231629,0.,-55.3867666807958));
#2504=CARTESIAN_POINT('',(13.5999995231628,0.,-2.18676668079579));
#2505=CARTESIAN_POINT('',(13.5999995231629,0.,-55.3867666807958));
#2506=CARTESIAN_POINT('Origin',(-25.0000004768371,0.,-55.3867666807958));
#2507=CARTESIAN_POINT('',(-25.0000004768371,0.,-55.3867666807958));
#2508=CARTESIAN_POINT('',(13.5999995231629,0.,-55.3867666807958));
#2509=CARTESIAN_POINT('',(-25.0000004768371,0.,-55.3867666807958));
#2510=CARTESIAN_POINT('Origin',(-32.0000004768371,0.,-29.7867666807959));
#2511=CARTESIAN_POINT('',(-25.0000004768371,0.,-55.3867666807958));
#2512=CARTESIAN_POINT('Origin',(-9.20000047683711,0.,-28.7867666807958));
#2513=CARTESIAN_POINT('',(0.,0.,0.));
#2514=CARTESIAN_POINT('Origin',(-9.20000047634535,6.1,-28.7867666825142));
#2515=CARTESIAN_POINT('',(-11.3000004763453,6.2,-28.7867666825142));
#2516=CARTESIAN_POINT('Origin',(-9.20000047634535,6.2,-28.7867666825142));
#2517=CARTESIAN_POINT('',(-11.1000004763453,6.,-28.7867666825142));
#2518=CARTESIAN_POINT('',(-11.2000004763453,6.1,-28.7867666825142));
#2519=CARTESIAN_POINT('Origin',(-9.20000047634535,6.,-28.7867666825142));
#2520=CARTESIAN_POINT('Origin',(-9.20000047634535,6.2,-28.7867666825142));
#2521=CARTESIAN_POINT('',(-11.1000004763453,5.2,-28.7867666825142));
#2522=CARTESIAN_POINT('Origin',(-9.20000047634535,5.2,-28.7867666825142));
#2523=CARTESIAN_POINT('',(-11.1000004763453,6.2,-28.7867666825142));
#2524=CARTESIAN_POINT('Origin',(-9.20000047634535,6.2,-28.7867666825142));
#2525=CARTESIAN_POINT('',(-9.20000047634535,6.2,-38.7867666825142));
#2526=CARTESIAN_POINT('Origin',(-9.20000047634535,6.2,-28.7867666825142));
#2527=CARTESIAN_POINT('Origin',(-9.20000047634535,5.1,-28.7867666825142));
#2528=CARTESIAN_POINT('',(-11.3000004763453,5.,-28.7867666825142));
#2529=CARTESIAN_POINT('Origin',(-9.20000047634535,5.,-28.7867666825142));
#2530=CARTESIAN_POINT('',(-11.2000004763453,5.1,-28.7867666825142));
#2531=CARTESIAN_POINT('Origin',(-9.20000047634535,5.,-28.7867666825142));
#2532=CARTESIAN_POINT('',(-9.20000047634535,5.,-37.9867666825142));
#2533=CARTESIAN_POINT('Origin',(-9.20000047634535,5.,-28.7867666825142));
#2534=CARTESIAN_POINT('Origin',(-9.20000047634535,2.2,-28.7867666825142));
#2535=CARTESIAN_POINT('',(-19.2000004763453,2.4,-28.7867666825142));
#2536=CARTESIAN_POINT('Origin',(-9.20000047634535,2.4,-28.7867666825142));
#2537=CARTESIAN_POINT('',(-19.6000004763454,2.,-28.7867666825142));
#2538=CARTESIAN_POINT('',(-19.4000004763453,2.2,-28.7867666825142));
#2539=CARTESIAN_POINT('Origin',(-9.20000047634535,2.,-28.7867666825142));
#2540=CARTESIAN_POINT('Origin',(-9.20000047634535,2.,-28.7867666825142));
#2541=CARTESIAN_POINT('',(3.74251479593452,2.,-38.1937480488613));
#2542=CARTESIAN_POINT('',(0.206980890001778,2.,-41.729281954794));
#2543=CARTESIAN_POINT('Origin',(-9.20000047634535,2.,-28.7867666825142));
#2544=CARTESIAN_POINT('',(2.88256167575125,2.,-37.333794928678));
#2545=CARTESIAN_POINT('',(-7.43223352337898,2.,-27.0189997295478));
#2546=CARTESIAN_POINT('',(2.88256167575124,2.,-20.2397384363503));
#2547=CARTESIAN_POINT('Origin',(-9.20000047634535,2.,-28.7867666825142));
#2548=CARTESIAN_POINT('',(3.74251479593452,2.,-19.379785316167));
#2549=CARTESIAN_POINT('',(-7.43223352337898,2.,-30.5545336354805));
#2550=CARTESIAN_POINT('',(0.206980890001778,2.,-15.8442514102343));
#2551=CARTESIAN_POINT('Origin',(-9.20000047634535,2.,-28.7867666825142));
#2552=CARTESIAN_POINT('',(-0.652972230181493,2.,-16.7042045304176));
#2553=CARTESIAN_POINT('',(-10.9677674293117,2.,-27.0189997295478));
#2554=CARTESIAN_POINT('',(-23.7873237400562,2.,-26.2867666825142));
#2555=CARTESIAN_POINT('Origin',(-9.20000047634535,2.,-28.7867666825142));
#2556=CARTESIAN_POINT('',(-25.0034811056245,2.,-26.2867666825142));
#2557=CARTESIAN_POINT('',(-25.4083316674335,2.,-26.2867666825142));
#2558=CARTESIAN_POINT('',(-25.0034811056245,2.,-31.2867666825142));
#2559=CARTESIAN_POINT('Origin',(-9.20000047634535,2.,-28.7867666825142));
#2560=CARTESIAN_POINT('',(-23.7873237400562,2.,-31.2867666825142));
#2561=CARTESIAN_POINT('',(-25.4083316674335,2.,-31.2867666825142));
#2562=CARTESIAN_POINT('',(-0.652972230181498,2.,-40.8693288346107));
#2563=CARTESIAN_POINT('Origin',(-9.20000047634535,2.,-28.7867666825142));
#2564=CARTESIAN_POINT('',(-10.9677674293117,2.,-30.5545336354805));
#2565=CARTESIAN_POINT('',(2.20142231717671,2.,-28.7867666825142));
#2566=CARTESIAN_POINT('Origin',(3.40142231717671,2.,-28.7867666825142));
#2567=CARTESIAN_POINT('Origin',(-9.20000047634535,2.,-28.7867666825142));
#2568=CARTESIAN_POINT('',(-19.2000004763453,4.2,-28.7867666825142));
#2569=CARTESIAN_POINT('',(-9.20000047634535,4.2,-38.7867666825142));
#2570=CARTESIAN_POINT('Origin',(-9.20000047634535,4.2,-28.7867666825142));
#2571=CARTESIAN_POINT('',(-19.2000004763453,2.,-28.7867666825142));
#2572=CARTESIAN_POINT('Origin',(-9.20000047634535,4.2,-28.7867666825142));
#2573=CARTESIAN_POINT('Origin',(-9.20000047634535,2.2,-28.7867666825142));
#2574=CARTESIAN_POINT('',(0.493253467624115,2.4,-42.0155545324164));
#2575=CARTESIAN_POINT('Ctrl Pts',(0.206980890001781,2.,-41.729281954794));
#2576=CARTESIAN_POINT('Ctrl Pts',(0.348350064136469,2.19747061763305,-41.8706511289287));
#2577=CARTESIAN_POINT('Ctrl Pts',(0.493253467624115,2.4,-42.0155545324164));
#2578=CARTESIAN_POINT('',(4.02878737355686,2.4,-38.4800206264836));
#2579=CARTESIAN_POINT('Origin',(-9.20000047634535,2.4,-28.7867666825142));
#2580=CARTESIAN_POINT('Ctrl Pts',(4.02878737355686,2.4,-38.4800206264836));
#2581=CARTESIAN_POINT('Ctrl Pts',(3.88388397006893,2.19747061763265,-38.3351172229957));
#2582=CARTESIAN_POINT('Ctrl Pts',(3.74251479593452,2.,-38.1937480488613));
#2583=CARTESIAN_POINT('Origin',(0.493253467624113,2.,-42.0155545324164));
#2584=CARTESIAN_POINT('',(-0.36611661446218,2.4,-41.1561844503301));
#2585=CARTESIAN_POINT('Ctrl Pts',(-0.652972230181497,2.,-40.8693288346107));
#2586=CARTESIAN_POINT('Ctrl Pts',(-0.511456793237921,2.19725712832268,-41.0108442715543));
#2587=CARTESIAN_POINT('Ctrl Pts',(-0.366116614462177,2.4,-41.1561844503301));
#2588=CARTESIAN_POINT('',(-0.366116614462182,5.,-41.1561844503301));
#2589=CARTESIAN_POINT('',(-0.36611661446218,2.,-41.1561844503301));
#2590=CARTESIAN_POINT('',(0.493253467624115,5.,-42.0155545324164));
#2591=CARTESIAN_POINT('',(-10.9677674293117,5.,-30.5545336354805));
#2592=CARTESIAN_POINT('',(0.493253467624115,2.,-42.0155545324164));
#2593=CARTESIAN_POINT('Origin',(-9.20000047634535,2.2,-28.7867666825142));
#2594=CARTESIAN_POINT('',(-24.1929988422493,2.4,-31.2867666825142));
#2595=CARTESIAN_POINT('Ctrl Pts',(-24.1929988422493,2.4,-31.2867666825142));
#2596=CARTESIAN_POINT('Ctrl Pts',(-23.9874567907292,2.19725712877849,-31.2867666825142));
#2597=CARTESIAN_POINT('Ctrl Pts',(-23.7873237400562,2.,-31.2867666825142));
#2598=CARTESIAN_POINT('Origin',(-9.20000047634535,2.4,-28.7867666825142));
#2599=CARTESIAN_POINT('Origin',(-9.20000047634535,2.2,-28.7867666825142));
#2600=CARTESIAN_POINT('',(-25.4083316674335,2.4,-26.2867666825142));
#2601=CARTESIAN_POINT('Ctrl Pts',(-25.0034811056245,2.,-26.2867666825142));
#2602=CARTESIAN_POINT('Ctrl Pts',(-25.2034073089861,2.19747061763198,-26.2867666825142));
#2603=CARTESIAN_POINT('Ctrl Pts',(-25.4083316674335,2.4,-26.2867666825142));
#2604=CARTESIAN_POINT('',(-25.4083316674335,2.4,-31.2867666825142));
#2605=CARTESIAN_POINT('Origin',(-9.20000047634535,2.4,-28.7867666825142));
#2606=CARTESIAN_POINT('Ctrl Pts',(-25.4083316674335,2.4,-31.2867666825142));
#2607=CARTESIAN_POINT('Ctrl Pts',(-25.2034073089863,2.19747061763212,-31.2867666825142));
#2608=CARTESIAN_POINT('Ctrl Pts',(-25.0034811056245,2.,-31.2867666825142));
#2609=CARTESIAN_POINT('Origin',(-25.4083316674335,2.,-26.2867666825142));
#2610=CARTESIAN_POINT('',(-24.1929988422493,2.4,-26.2867666825142));
#2611=CARTESIAN_POINT('Ctrl Pts',(-23.7873237400562,2.,-26.2867666825142));
#2612=CARTESIAN_POINT('Ctrl Pts',(-23.987456790518,2.19725712857022,-26.2867666825142));
#2613=CARTESIAN_POINT('Ctrl Pts',(-24.1929988422494,2.4,-26.2867666825142));
#2614=CARTESIAN_POINT('',(-24.1929988422493,5.,-26.2867666825142));
#2615=CARTESIAN_POINT('',(-24.1929988422493,2.,-26.2867666825142));
#2616=CARTESIAN_POINT('',(-25.4083316674335,5.,-26.2867666825142));
#2617=CARTESIAN_POINT('',(-25.4083316674335,5.,-26.2867666825142));
#2618=CARTESIAN_POINT('',(-25.4083316674335,2.,-26.2867666825142));
#2619=CARTESIAN_POINT('Origin',(-9.20000047634535,2.2,-28.7867666825142));
#2620=CARTESIAN_POINT('',(3.16941729147056,2.4,-19.952882820631));
#2621=CARTESIAN_POINT('Ctrl Pts',(2.88256167575125,2.,-20.2397384363503));
#2622=CARTESIAN_POINT('Ctrl Pts',(3.02407711258667,2.19725712817187,-20.0982229995149));
#2623=CARTESIAN_POINT('Ctrl Pts',(3.16941729147056,2.4,-19.952882820631));
#2624=CARTESIAN_POINT('',(3.16941729147056,2.4,-37.6206505443973));
#2625=CARTESIAN_POINT('Ctrl Pts',(3.16941729147056,2.4,-37.6206505443973));
#2626=CARTESIAN_POINT('Ctrl Pts',(3.02407711258564,2.19725712817044,-37.4753103655124));
#2627=CARTESIAN_POINT('Ctrl Pts',(2.88256167575125,2.,-37.333794928678));
#2628=CARTESIAN_POINT('Origin',(-9.20000047634535,2.4,-28.7867666825142));
#2629=CARTESIAN_POINT('Origin',(-9.20000047634535,2.2,-28.7867666825142));
#2630=CARTESIAN_POINT('',(4.02878737355686,2.4,-19.0935127385447));
#2631=CARTESIAN_POINT('Ctrl Pts',(3.74251479593452,2.,-19.379785316167));
#2632=CARTESIAN_POINT('Ctrl Pts',(3.88388397006892,2.19747061763263,-19.2384161420326));
#2633=CARTESIAN_POINT('Ctrl Pts',(4.02878737355686,2.4,-19.0935127385447));
#2634=CARTESIAN_POINT('',(0.493253467624115,2.4,-15.5579788326119));
#2635=CARTESIAN_POINT('Origin',(-9.20000047634535,2.4,-28.7867666825142));
#2636=CARTESIAN_POINT('Ctrl Pts',(0.493253467624115,2.4,-15.5579788326119));
#2637=CARTESIAN_POINT('Ctrl Pts',(0.348350064136091,2.19747061763252,-15.7028822361));
#2638=CARTESIAN_POINT('Ctrl Pts',(0.206980890001778,2.,-15.8442514102343));
#2639=CARTESIAN_POINT('Origin',(4.02878737355686,2.,-19.0935127385447));
#2640=CARTESIAN_POINT('',(3.16941729147056,5.,-19.952882820631));
#2641=CARTESIAN_POINT('',(3.16941729147056,2.,-19.952882820631));
#2642=CARTESIAN_POINT('',(4.02878737355686,5.,-19.0935127385447));
#2643=CARTESIAN_POINT('',(-7.43223352337898,5.,-30.5545336354805));
#2644=CARTESIAN_POINT('',(4.02878737355686,2.,-19.0935127385447));
#2645=CARTESIAN_POINT('Origin',(-9.20000047634535,2.2,-28.7867666825142));
#2646=CARTESIAN_POINT('',(-0.36611661446218,2.4,-16.4173489146982));
#2647=CARTESIAN_POINT('Ctrl Pts',(-0.366116614462179,2.4,-16.4173489146982));
#2648=CARTESIAN_POINT('Ctrl Pts',(-0.511456793350094,2.19725712816626,-16.5626890935862));
#2649=CARTESIAN_POINT('Ctrl Pts',(-0.652972230181493,2.,-16.7042045304176));
#2650=CARTESIAN_POINT('Origin',(-9.20000047634535,2.4,-28.7867666825142));
#2651=CARTESIAN_POINT('Origin',(-9.20000047634535,4.2,-28.7867666825142));
#2652=CARTESIAN_POINT('Origin',(-9.20000047634535,4.2,-37.9867666825142));
#2653=CARTESIAN_POINT('Origin',(-9.20000047634535,5.4,-28.7867666825142));
#2654=CARTESIAN_POINT('',(-9.20000047634535,5.4,-39.5867666825142));
#2655=CARTESIAN_POINT('Origin',(-9.20000047634535,5.4,-38.7867666825142));
#2656=CARTESIAN_POINT('',(-20.0000004763453,5.4,-28.7867666825142));
#2657=CARTESIAN_POINT('Origin',(-9.20000047634535,5.4,-28.7867666825142));
#2658=CARTESIAN_POINT('Origin',(-9.20000047634535,5.4,-28.7867666825142));
#2659=CARTESIAN_POINT('Origin',(-9.20000047634535,2.,-28.7867666825142));
#2660=CARTESIAN_POINT('',(-20.0000004763453,4.,-28.7867666825142));
#2661=CARTESIAN_POINT('',(-20.0000004763453,2.,-28.7867666825142));
#2662=CARTESIAN_POINT('',(-9.20000047634535,4.,-17.9867666825142));
#2663=CARTESIAN_POINT('Origin',(-9.20000047634535,4.,-28.7867666825142));
#2664=CARTESIAN_POINT('Origin',(-9.20000047634535,4.,-28.7867666825142));
#2665=CARTESIAN_POINT('Origin',(-9.20000047634535,4.,-28.7867666825142));
#2666=CARTESIAN_POINT('',(-9.20000047634535,3.2,-17.1867666825142));
#2667=CARTESIAN_POINT('Origin',(-9.20000047634535,4.,-17.1867666825142));
#2668=CARTESIAN_POINT('',(2.3826541652861,3.2,-28.1526440976038));
#2669=CARTESIAN_POINT('Origin',(-9.20000047634535,3.2,-28.7867666825142));
#2670=CARTESIAN_POINT('',(2.20142231717671,3.22503736021185,-28.7867666825142));
#2671=CARTESIAN_POINT('Ctrl Pts',(2.38265416528611,3.2,-28.1526440976038));
#2672=CARTESIAN_POINT('Ctrl Pts',(2.3445355421776,3.2,-28.2138846844256));
#2673=CARTESIAN_POINT('Ctrl Pts',(2.31134862526578,3.2032104825291,-28.2795061998921));
#2674=CARTESIAN_POINT('Ctrl Pts',(2.24498793618769,3.21308191341287,-28.4488856638568));
#2675=CARTESIAN_POINT('Ctrl Pts',(2.21926505876689,3.22014668275918,-28.5540639696169));
#2676=CARTESIAN_POINT('Ctrl Pts',(2.20552882916943,3.22388359158431,-28.6848176506819));
#2677=CARTESIAN_POINT('Ctrl Pts',(2.20376021594036,3.22437891445013,-28.7082883980801));
#2678=CARTESIAN_POINT('Ctrl Pts',(2.20211864552166,3.224840295608,-28.7440801461836));
#2679=CARTESIAN_POINT('Ctrl Pts',(2.20174444772995,3.22494618871693,-28.7563700355181));
#2680=CARTESIAN_POINT('Ctrl Pts',(2.20146783334501,3.22502446423368,-28.7746948582672));
#2681=CARTESIAN_POINT('Ctrl Pts',(2.20142231717671,3.22503736021185,-28.7807322746368));
#2682=CARTESIAN_POINT('Ctrl Pts',(2.20142231717671,3.22503736021185,-28.7867666825142));
#2683=CARTESIAN_POINT('',(2.3826541652861,3.2,-29.4208892674245));
#2684=CARTESIAN_POINT('Ctrl Pts',(2.20142231717671,3.22503736021185,-28.7867666825142));
#2685=CARTESIAN_POINT('Ctrl Pts',(2.20142231717671,3.22503736021185,-28.7907201940465));
#2686=CARTESIAN_POINT('Ctrl Pts',(2.20144185473293,3.22503182599817,-28.794672414224));
#2687=CARTESIAN_POINT('Ctrl Pts',(2.20159404361829,3.22498873974542,-28.8100746233556));
#2688=CARTESIAN_POINT('Ctrl Pts',(2.20187098647456,3.22491029924344,-28.8215127870945));
#2689=CARTESIAN_POINT('Ctrl Pts',(2.20306689082063,3.22457341969519,-28.8525727623247));
#2690=CARTESIAN_POINT('Ctrl Pts',(2.20430415712165,3.22422577605228,-28.8721644517553));
#2691=CARTESIAN_POINT('Ctrl Pts',(2.21279333442086,3.22188796946327,-28.9688712815411));
#2692=CARTESIAN_POINT('Ctrl Pts',(2.22699610293059,3.21797679486878,-29.0449527273083));
#2693=CARTESIAN_POINT('Ctrl Pts',(2.27885604661697,3.20732165864682,-29.2249488876506));
#2694=CARTESIAN_POINT('Ctrl Pts',(2.32371987506702,3.20010201525709,-29.3258144176188));
#2695=CARTESIAN_POINT('Ctrl Pts',(2.38186358365559,3.20000034615649,-29.4196178102247));
#2696=CARTESIAN_POINT('Ctrl Pts',(2.38225864039695,3.2,-29.4202538253666));
#2697=CARTESIAN_POINT('Ctrl Pts',(2.38265416528611,3.2,-29.4208892674245));
#2698=CARTESIAN_POINT('Origin',(-9.20000047634535,3.2,-28.7867666825142));
#2699=CARTESIAN_POINT('Origin',(-9.20000047634535,4.,-28.7867666825142));
#2700=CARTESIAN_POINT('',(4.38242835054353,3.2,-28.0956609290307));
#2701=CARTESIAN_POINT('',(4.38242835054353,3.2,-29.4778724359976));
#2702=CARTESIAN_POINT('Ctrl Pts',(4.38242835054353,3.2,-29.4778724359976));
#2703=CARTESIAN_POINT('Ctrl Pts',(4.40533576525411,3.2,-29.445355976792));
#2704=CARTESIAN_POINT('Ctrl Pts',(4.42691858120001,3.20084499323225,-29.4112875298017));
#2705=CARTESIAN_POINT('Ctrl Pts',(4.5031781635574,3.2061069575595,-29.2759009204542));
#2706=CARTESIAN_POINT('Ctrl Pts',(4.54502012499998,3.21378459242726,-29.1682779027205));
#2707=CARTESIAN_POINT('Ctrl Pts',(4.58894907421643,3.22271590268693,-28.9771762087894));
#2708=CARTESIAN_POINT('Ctrl Pts',(4.59909677773039,3.22522054624291,-28.8969581757089));
#2709=CARTESIAN_POINT('Ctrl Pts',(4.60294862603422,3.22613396175959,-28.7386170266662));
#2710=CARTESIAN_POINT('Ctrl Pts',(4.59736405498645,3.22472137227777,-28.6612568256181));
#2711=CARTESIAN_POINT('Ctrl Pts',(4.56712946612751,3.21812329171225,-28.4842537480558));
#2712=CARTESIAN_POINT('Ctrl Pts',(4.53718974849635,3.21186919351934,-28.386214220351));
#2713=CARTESIAN_POINT('Ctrl Pts',(4.46337486892696,3.20295970232523,-28.2226267322698));
#2714=CARTESIAN_POINT('Ctrl Pts',(4.42537380857923,3.19999999999999,-28.1566208519171));
#2715=CARTESIAN_POINT('Ctrl Pts',(4.38242835054324,3.2,-28.0956609290303));
#2716=CARTESIAN_POINT('',(-9.20000047634535,3.2,-15.1867666825142));
#2717=CARTESIAN_POINT('Origin',(-9.20000047634535,3.2,-28.7867666825142));
#2718=CARTESIAN_POINT('',(-9.20000047634535,4.,-14.3867666825142));
#2719=CARTESIAN_POINT('Origin',(-9.20000047634535,4.,-15.1867666825142));
#2720=CARTESIAN_POINT('',(-23.6000004763454,4.,-28.7867666825142));
#2721=CARTESIAN_POINT('Origin',(-9.20000047634535,4.,-28.7867666825142));
#2722=CARTESIAN_POINT('Origin',(-9.20000047634535,4.,-28.7867666825142));
#2723=CARTESIAN_POINT('Origin',(-9.20000047634535,3.2,-28.7867666825142));
#2724=CARTESIAN_POINT('Origin',(-9.20000047634535,2.,-28.7867666825142));
#2725=CARTESIAN_POINT('',(-23.6000004763454,5.,-28.7867666825142));
#2726=CARTESIAN_POINT('Origin',(-9.20000047634535,5.,-28.7867666825142));
#2727=CARTESIAN_POINT('',(-23.6000004763454,2.,-28.7867666825142));
#2728=CARTESIAN_POINT('Origin',(-0.36611661446218,2.,-16.4173489146982));
#2729=CARTESIAN_POINT('',(0.493253467624115,5.,-15.5579788326119));
#2730=CARTESIAN_POINT('',(0.493253467624115,2.,-15.5579788326119));
#2731=CARTESIAN_POINT('',(-0.36611661446218,5.,-16.4173489146982));
#2732=CARTESIAN_POINT('',(-10.9677674293117,5.,-27.0189997295478));
#2733=CARTESIAN_POINT('',(-0.36611661446218,2.,-16.4173489146982));
#2734=CARTESIAN_POINT('Origin',(-9.20000047634535,2.,-28.7867666825142));
#2735=CARTESIAN_POINT('Origin',(-9.20000047634535,5.,-28.7867666825142));
#2736=CARTESIAN_POINT('Origin',(-9.20000047634535,2.,-28.7867666825142));
#2737=CARTESIAN_POINT('Origin',(-9.20000047634535,5.,-28.7867666825142));
#2738=CARTESIAN_POINT('Origin',(-9.20000047634535,2.,-28.7867666825142));
#2739=CARTESIAN_POINT('',(3.16941729147056,5.,-37.6206505443973));
#2740=CARTESIAN_POINT('',(3.16941729147056,2.,-37.6206505443973));
#2741=CARTESIAN_POINT('Origin',(-9.20000047634535,5.,-28.7867666825142));
#2742=CARTESIAN_POINT('Origin',(3.16941729147057,2.,-37.6206505443973));
#2743=CARTESIAN_POINT('',(4.02878737355686,5.,-38.4800206264836));
#2744=CARTESIAN_POINT('',(4.02878737355686,2.,-38.4800206264836));
#2745=CARTESIAN_POINT('',(-7.43223352337898,5.,-27.0189997295478));
#2746=CARTESIAN_POINT('Origin',(-9.20000047634535,2.,-28.7867666825142));
#2747=CARTESIAN_POINT('Origin',(-9.20000047634535,5.,-28.7867666825142));
#2748=CARTESIAN_POINT('Origin',(-9.20000047634535,2.,-28.7867666825142));
#2749=CARTESIAN_POINT('',(-24.1929988422493,5.,-31.2867666825142));
#2750=CARTESIAN_POINT('',(-24.1929988422493,2.,-31.2867666825142));
#2751=CARTESIAN_POINT('Origin',(-9.20000047634535,5.,-28.7867666825142));
#2752=CARTESIAN_POINT('Origin',(-24.1929988422493,2.,-31.2867666825142));
#2753=CARTESIAN_POINT('',(-25.4083316674335,5.,-31.2867666825142));
#2754=CARTESIAN_POINT('',(-25.4083316674335,2.,-31.2867666825142));
#2755=CARTESIAN_POINT('',(-25.4083316674335,5.,-31.2867666825142));
#2756=CARTESIAN_POINT('Origin',(-9.20000047634535,2.,-28.7867666825142));
#2757=CARTESIAN_POINT('Origin',(-9.20000047634535,5.,-28.7867666825142));
#2758=CARTESIAN_POINT('Origin',(3.40142231717671,2.,-28.7867666825142));
#2759=CARTESIAN_POINT('Origin',(3.40142231717671,3.2,-28.7867666825142));
#2760=CARTESIAN_POINT('Origin',(3.40142231717671,3.2,-28.7867666825142));
#2761=CARTESIAN_POINT('',(2.20142231717671,2.,-28.7867666825142));
#2762=CARTESIAN_POINT('Origin',(-9.20000047634535,3.2,-28.7867666825142));
#2763=CARTESIAN_POINT('Origin',(-9.20000047634535,5.,-28.7867666825142));
#2764=CARTESIAN_POINT('',(0.,0.,0.));
#2765=CARTESIAN_POINT('',(0.,0.,0.));
#2766=UNCERTAINTY_MEASURE_WITH_UNIT(LENGTH_MEASURE(0.01),#2774,
'DISTANCE_ACCURACY_VALUE',
'Maximum model space distance between geometric entities at asserted c
onnectivities');
#2767=UNCERTAINTY_MEASURE_WITH_UNIT(LENGTH_MEASURE(0.01),#2774,
'DISTANCE_ACCURACY_VALUE',
'Maximum model space distance between geometric entities at asserted c
onnectivities');
#2768=UNCERTAINTY_MEASURE_WITH_UNIT(LENGTH_MEASURE(0.01),#2774,
'DISTANCE_ACCURACY_VALUE',
'Maximum model space distance between geometric entities at asserted c
onnectivities');
#2769=UNCERTAINTY_MEASURE_WITH_UNIT(LENGTH_MEASURE(0.01),#2774,
'DISTANCE_ACCURACY_VALUE',
'Maximum model space distance between geometric entities at asserted c
onnectivities');
#2770=(
GEOMETRIC_REPRESENTATION_CONTEXT(3)
GLOBAL_UNCERTAINTY_ASSIGNED_CONTEXT((#2766))
GLOBAL_UNIT_ASSIGNED_CONTEXT((#2774,#2776,#2777))
REPRESENTATION_CONTEXT('','3D')
);
#2771=(
GEOMETRIC_REPRESENTATION_CONTEXT(3)
GLOBAL_UNCERTAINTY_ASSIGNED_CONTEXT((#2767))
GLOBAL_UNIT_ASSIGNED_CONTEXT((#2774,#2776,#2777))
REPRESENTATION_CONTEXT('','3D')
);
#2772=(
GEOMETRIC_REPRESENTATION_CONTEXT(3)
GLOBAL_UNCERTAINTY_ASSIGNED_CONTEXT((#2768))
GLOBAL_UNIT_ASSIGNED_CONTEXT((#2774,#2776,#2777))
REPRESENTATION_CONTEXT('','3D')
);
#2773=(
GEOMETRIC_REPRESENTATION_CONTEXT(3)
GLOBAL_UNCERTAINTY_ASSIGNED_CONTEXT((#2769))
GLOBAL_UNIT_ASSIGNED_CONTEXT((#2774,#2776,#2777))
REPRESENTATION_CONTEXT('','3D')
);
#2774=(
LENGTH_UNIT()
NAMED_UNIT(*)
SI_UNIT(.MILLI.,.METRE.)
);
#2775=(
LENGTH_UNIT()
NAMED_UNIT(*)
SI_UNIT($,.METRE.)
);
#2776=(
NAMED_UNIT(*)
PLANE_ANGLE_UNIT()
SI_UNIT($,.RADIAN.)
);
#2777=(
NAMED_UNIT(*)
SI_UNIT($,.STERADIAN.)
SOLID_ANGLE_UNIT()
);
#2778=SHAPE_DEFINITION_REPRESENTATION(#2781,#2786);
#2779=SHAPE_DEFINITION_REPRESENTATION(#2782,#2787);
#2780=SHAPE_DEFINITION_REPRESENTATION(#2783,#2788);
#2781=PRODUCT_DEFINITION_SHAPE('',$,#2790);
#2782=PRODUCT_DEFINITION_SHAPE('',$,#2791);
#2783=PRODUCT_DEFINITION_SHAPE('',$,#2792);
#2784=PRODUCT_DEFINITION_SHAPE($,$,#17);
#2785=PRODUCT_DEFINITION_SHAPE($,$,#18);
#2786=SHAPE_REPRESENTATION('',(#1465,#1626,#1627),#2770);
#2787=SHAPE_REPRESENTATION('',(#1466),#2771);
#2788=SHAPE_REPRESENTATION('',(#1544),#2772);
#2789=PRODUCT_DEFINITION_CONTEXT('part definition',#2800,'design');
#2790=PRODUCT_DEFINITION('Turret','Turret v8',#2793,#2789);
#2791=PRODUCT_DEFINITION('Body','Body',#2794,#2789);
#2792=PRODUCT_DEFINITION('Cover','Cover',#2795,#2789);
#2793=PRODUCT_DEFINITION_FORMATION('',$,#2802);
#2794=PRODUCT_DEFINITION_FORMATION('',$,#2803);
#2795=PRODUCT_DEFINITION_FORMATION('',$,#2804);
#2796=PRODUCT_RELATED_PRODUCT_CATEGORY('Turret v8','Turret v8',(#2802));
#2797=PRODUCT_RELATED_PRODUCT_CATEGORY('Body','Body',(#2803));
#2798=PRODUCT_RELATED_PRODUCT_CATEGORY('Cover','Cover',(#2804));
#2799=APPLICATION_PROTOCOL_DEFINITION('international standard',
'automotive_design',2009,#2800);
#2800=APPLICATION_CONTEXT(
'Core Data for Automotive Mechanical Design Process');
#2801=PRODUCT_CONTEXT('part definition',#2800,'mechanical');
#2802=PRODUCT('Turret','Turret v8',$,(#2801));
#2803=PRODUCT('Body','Body',$,(#2801));
#2804=PRODUCT('Cover','Cover',$,(#2801));
#2805=PRESENTATION_STYLE_ASSIGNMENT((#2806));
#2806=SURFACE_STYLE_USAGE(.BOTH.,#2807);
#2807=SURFACE_SIDE_STYLE('',(#2808));
#2808=SURFACE_STYLE_FILL_AREA(#2809);
#2809=FILL_AREA_STYLE('Steel - Satin',(#2810));
#2810=FILL_AREA_STYLE_COLOUR('Steel - Satin',#2811);
#2811=COLOUR_RGB('Steel - Satin',0.627450980392157,0.627450980392157,0.627450980392157);
ENDSEC;
END-ISO-10303-21;
